facility_id,facility_name,address,city_town,state,zip_code,county_parish,telephone_number,hospital_type,hospital_ownership,emergency_services,meets_criteria_for_promoting_interoperability_of_eh_rs,meets_criteria_for_birthing_friendly_designation,hospital_overall_rating,hospital_overall_rating_footnote,mort_group_measure_count,count_of_facility_mort_measures,count_of_mort_measures_better,count_of_mort_measures_no_different,count_of_mort_measures_worse,mort_group_footnote,safety_group_measure_count,count_of_facility_safety_measures,count_of_safety_measures_better,count_of_safety_measures_no_different,count_of_safety_measures_worse,safety_group_footnote,readm_group_measure_count,count_of_facility_readm_measures,count_of_readm_measures_better,count_of_readm_measures_no_different,count_of_readm_measures_worse,readm_group_footnote,pt_exp_group_measure_count,count_of_facility_pt_exp_measures,pt_exp_group_footnote,te_group_measure_count,count_of_facility_te_measures,te_group_footnote
050002,ST ROSE HOSPITAL,27200 CALAROGA AVE,HAYWARD,CA,94545,ALAMEDA,(510) 782-6200,Acute Care Hospitals,Voluntary non-profit - Church,No,Y,Y,1,,7,5,0,4,1,,8,5,0,5,0,,11,7,0,6,1,,8,8,,12,7,
050006,PROVIDENCE ST JOSEPH HOSPITAL,2700 DOLBEER ST,EUREKA,CA,95501,HUMBOLDT,(707) 445-8121,Acute Care Hospitals,Voluntary non-profit - Private,Yes,Y,Y,4,,7,7,0,7,0,,8,7,2,5,0,,11,11,0,11,0,,8,8,,12,11,
050007,PENINSULA MEDICAL CENTER,1501 TROUSDALE DRIVE,BURLINGAME,CA,94010,SAN MATEO,(650) 696-5400,Acute Care Hospitals,Voluntary non-profit - Private,Yes,Y,Y,5,,7,7,1,6,0,,8,7,3,4,0,,11,11,2,9,0,,8,8,,12,10,
050008,CALIFORNIA PACIFIC MEDICAL CTR-DAVIES CAMPUS HOSP,601 DUBOCE AVENUE,SAN FRANCISCO,CA,94117,SAN FRANCISCO,(415) 600-6000,Acute Care Hospitals,Voluntary non-profit - Other,No,Y,,3,,7,3,0,3,0,,8,6,0,6,0,,11,6,0,4,2,,8,8,,12,6,
050009,PROVIDENCE QUEEN OF THE VALLEY MEDICAL CENTER,1000 TRANCAS ST,NAPA,CA,94558,NAPA,(707) 252-4411,Acute Care Hospitals,Voluntary non-profit - Church,Yes,Y,Y,4,,7,7,0,7,0,,8,6,1,4,1,,11,11,2,9,0,,8,8,,12,11,
050013,ADVENTIST HEALTH ST HELENA,10 WOODLAND ROAD,SAINT HELENA,CA,94574,NAPA,(707) 963-3611,Acute Care Hospitals,Voluntary non-profit - Private,No,Y,,5,,7,6,0,6,0,,8,5,0,5,0,,11,11,1,10,0,,8,8,,12,8,
050014,SUTTER AMADOR HOSPITAL,200 MISSION BLVD,JACKSON,CA,95642,AMADOR,(209) 223-7500,Acute Care Hospitals,Voluntary non-profit - Private,Yes,Y,Y,4,,7,4,0,4,0,,8,4,1,3,0,,11,9,1,8,0,,8,8,,12,10,
050017,MERCY GENERAL HOSPITAL,4001 J ST,SACRAMENTO,CA,95819,SACRAMENTO,(916) 453-4453,Acute Care Hospitals,Voluntary non-profit - Private,Yes,Y,Y,5,,7,7,0,7,0,,8,8,1,7,0,,11,9,0,8,1,,8,8,,12,10,
050022,RIVERSIDE COMMUNITY HOSPITAL,4445 MAGNOLIA AVENUE,RIVERSIDE,CA,92501,RIVERSIDE,(951) 788-3000,Acute Care Hospitals,Proprietary,Yes,Y,Y,2,,7,7,0,7,0,,8,7,1,5,1,,11,9,0,6,3,,8,8,,12,8,
050024,PARADISE VALLEY HOSPITAL,2400 EAST 4TH ST,NATIONAL CITY,CA,91950,SAN DIEGO,(619) 470-4321,Acute Care Hospitals,Proprietary,Yes,Y,,2,,7,5,0,5,0,,8,4,0,4,0,,11,5,1,4,0,,8,8,,12,8,
050025,UC SAN DIEGO HEALTH HILLCREST - HILLCREST MED CTR,200 WEST ARBOR DRIVE,SAN DIEGO,CA,92103,SAN DIEGO,(619) 543-6222,Acute Care Hospitals,Voluntary non-profit - Other,Yes,Y,Y,5,,7,7,4,3,0,,8,8,2,6,0,,11,11,1,9,1,,8,8,,12,10,
050026,GROSSMONT HOSPITAL,5555 GROSSMONT CENTER DRIVE BOX 58,LA MESA,CA,91942,SAN DIEGO,(619) 465-0711,Acute Care Hospitals,Government - Hospital District or Authority,Yes,Y,Y,5,,7,7,0,7,0,,8,7,4,3,0,,11,11,1,9,1,,8,8,,12,9,
050028,MAD RIVER COMMUNITY HOSPITAL,3800 JANES RD,ARCATA,CA,95521,HUMBOLDT,(707) 822-3621,Acute Care Hospitals,Proprietary,Yes,Y,Y,3,,7,3,0,3,0,,8,2,0,2,0,,11,6,0,6,0,,8,8,,12,8,
050030,OROVILLE HOSPITAL,2767 OLIVE HIGHWAY,OROVILLE,CA,95966,BUTTE,(530) 533-8500,Acute Care Hospitals,Voluntary non-profit - Private,Yes,Y,,1,,7,6,2,4,0,,8,4,0,4,0,,11,10,0,5,5,,8,8,,12,10,
050036,BAKERSFIELD MEMORIAL HOSPITAL,420 34TH ST,BAKERSFIELD,CA,93301,KERN,(661) 327-1792,Acute Care Hospitals,Voluntary non-profit - Private,Yes,Y,Y,1,,7,7,0,6,1,,8,8,1,7,0,,11,10,0,9,1,,8,8,,12,8,
050038,SANTA CLARA VALLEY MEDICAL CENTER,751 SOUTH BASCOM AVENUE,SAN JOSE,CA,95128,SANTA CLARA,(408) 885-5000,Acute Care Hospitals,Government - Local,Yes,Y,Y,2,,7,7,0,7,0,,8,8,1,5,2,,11,11,0,11,0,,8,8,,12,11,
050039,ENLOE MEDICAL CENTER,1531 ESPLANADE,CHICO,CA,95926,BUTTE,(530) 332-7300,Acute Care Hospitals,Voluntary non-profit - Private,Yes,Y,,2,,7,7,0,7,0,,8,7,5,2,0,,11,11,0,7,4,,8,8,,12,11,
050040,LAC/OLIVE VIEW-UCLA MEDICAL CENTER,14445 OLIVE VIEW DRIVE,SYLMAR,CA,91342,LOS ANGELES,(818) 364-1555,Acute Care Hospitals,Voluntary non-profit - Other,Yes,Y,Y,2,,7,2,0,2,0,,8,6,0,5,1,,11,5,1,4,0,,8,8,,12,7,
050042,ST ELIZABETH COMMUNITY HOSPITAL,2550 SISTER MARY COLUMBA DRIVE,RED BLUFF,CA,96080,TEHAMA,(530) 529-8012,Acute Care Hospitals,Voluntary non-profit - Church,No,Y,Y,4,,7,4,0,4,0,,8,5,0,5,0,,11,9,0,9,0,,8,8,,12,11,
050043,ALTA BATES SUMMIT MEDICAL CENTER,350 HAWTHORNE AVENUE,OAKLAND,CA,94609,ALAMEDA,(510) 655-4000,Acute Care Hospitals,Voluntary non-profit - Private,Yes,Y,,4,,7,7,0,7,0,,8,7,3,4,0,,11,11,2,8,1,,8,8,,12,8,
050045,EL CENTRO REGIONAL MEDICAL CENTER,1415 ROSS AVENUE,EL CENTRO,CA,92243,IMPERIAL,(760) 339-7100,Acute Care Hospitals,Government - Local,Yes,,,1,,7,5,0,5,0,,8,7,1,4,2,,11,9,0,8,1,,8,8,,12,9,
050047,CALIFORNIA PACIFIC MEDICAL CENTER- VAN NESS CAMPUS,1101 VAN NESS AVENUE,SAN FRANCISCO,CA,94109,SAN FRANCISCO,(415) 600-6000,Acute Care Hospitals,Voluntary non-profit - Private,Yes,Y,Y,4,,7,7,0,7,0,,8,7,3,4,0,,11,11,0,10,1,,8,8,,12,10,
050054,SAN GORGONIO MEMORIAL HOSPITAL,600 NORTH HIGHLAND SPRINGS AVENUE,BANNING,CA,92220,RIVERSIDE,(951) 845-1121,Acute Care Hospitals,Government - Hospital District or Authority,Yes,Y,Y,3,,7,3,0,3,0,,8,4,0,3,1,,11,5,0,5,0,,8,8,,12,9,
050055,CALIFORNIA PACIFIC MEDICAL CENTER - MISSION BERNAL,3555 CESAR CHAVEZ,SAN FRANCISCO,CA,94110,SAN FRANCISCO,(415) 641-6562,Acute Care Hospitals,Voluntary non-profit - Church,Yes,Y,,5,,7,4,0,4,0,,8,7,0,7,0,,11,6,0,6,0,,8,8,,12,6,
050056,ANTELOPE VALLEY HOSPITAL,1600 W AVE J,LANCASTER,CA,93534,LOS ANGELES,(661) 949-5000,Acute Care Hospitals,Government - Hospital District or Authority,Yes,Y,Y,1,,7,6,0,5,1,,8,8,1,6,1,,11,8,0,6,2,,8,8,,12,7,
050057,KAWEAH HEALTH MEDICAL CENTER,400 W MINERAL KING AVE,VISALIA,CA,93291,TULARE,(559) 624-2000,Acute Care Hospitals,Government - Hospital District or Authority,Yes,Y,Y,3,,7,7,0,7,0,,8,7,1,6,0,,11,9,1,5,3,,8,8,,12,11,
050058,GLENDALE MEM HOSPITAL & HLTH CENTER,1420 S CENTRAL AVE,GLENDALE,CA,91204,LOS ANGELES,(818) 502-1900,Acute Care Hospitals,Voluntary non-profit - Private,Yes,Y,Y,4,,7,7,2,5,0,,8,7,1,6,0,,11,9,0,7,2,,8,8,,12,8,
050060,COMMUNITY REGIONAL MEDICAL CENTER,2823 FRESNO STREET,FRESNO,CA,93721,FRESNO,(559) 459-6000,Acute Care Hospitals,Voluntary non-profit - Private,Yes,Y,Y,1,,7,7,0,6,1,,8,7,1,5,1,,11,10,0,7,3,,8,8,,12,10,
050063,HOLLYWOOD PRESBYTERIAN MEDICAL CENTER,1300 N VERMONT AVE,LOS ANGELES,CA,90027,LOS ANGELES,(213) 413-3000,Acute Care Hospitals,Proprietary,Yes,Y,Y,2,,7,6,0,6,0,,8,7,1,6,0,,11,8,0,5,3,,8,8,,12,8,
050067,OAK VALLEY HOSPITAL DISTRICT,350 S OAK AVE,OAKDALE,CA,95361,STANISLAUS,(209) 847-3011,Acute Care Hospitals,Government - Hospital District or Authority,Yes,,,NA,16,7,2,0,2,0,,8,1,0,1,0,,11,5,0,5,0,,8,8,,12,6,
050069,PROVIDENCE ST. JOSEPH HOSPITAL,1100 WEST STEWART DR,ORANGE,CA,92868,ORANGE,(714) 633-9111,Acute Care Hospitals,Voluntary non-profit - Church,Yes,Y,Y,3,,7,7,0,7,0,,8,8,0,7,1,,11,10,0,10,0,,8,8,,12,10,
050070,KAISER FOUNDATION HOSPITAL - SOUTH SAN FRANCISCO,1200 EL CAMINO REAL,SOUTH SAN FRANCISCO,CA,94080,SAN MATEO,(650) 742-3200,Acute Care Hospitals,Voluntary non-profit - Private,Yes,Y,,4,17,7,NA,NA,NA,NA,5,8,5,1,4,0,,11,1,0,1,0,,8,8,,12,3,
050071,KAISER FOUNDATION HOSPITAL-SANTA CLARA,700 LAWRENCE EXPRESSWAY,SANTA CLARA,CA,95051,SANTA CLARA,(408) 236-6400,Acute Care Hospitals,Voluntary non-profit - Private,Yes,Y,Y,4,17,7,NA,NA,NA,NA,5,8,7,1,6,0,,11,1,0,1,0,,8,8,,12,4,
050072,KAISER FOUNDATION HOSPITAL - WALNUT CREEK,1425 S MAIN STREET,WALNUT CREEK,CA,94596,CONTRA COSTA,(925) 295-4000,Acute Care Hospitals,Voluntary non-profit - Private,Yes,Y,Y,2,17,7,NA,NA,NA,NA,5,8,6,0,6,0,,11,1,0,1,0,,8,8,,12,4,
050073,KAISER FOUNDATION HOSPITAL AND REHAB CENTER,975 SERENO DR,VALLEJO,CA,94589,SOLANO,(707) 651-1000,Acute Care Hospitals,Voluntary non-profit - Other,Yes,Y,Y,5,17,7,2,0,2,0,,8,6,1,5,0,,11,2,1,1,0,,8,8,,12,4,
050075,KAISER FOUNDATION HOSPITAL - OAKLAND/RICHMOND,275 WEST MACARTHUR BOULEVARD,OAKLAND,CA,94611,ALAMEDA,(510) 752-1000,Acute Care Hospitals,Voluntary non-profit - Private,Yes,Y,Y,2,17,7,5,0,5,0,,8,7,1,6,0,,11,4,0,3,1,,8,8,,12,4,
050076,KAISER FOUNDATION HOSPITAL - SAN FRANCISCO,2425 GEARY BLVD,SAN FRANCISCO,CA,94115,SAN FRANCISCO,(415) 833-2646,Acute Care Hospitals,Voluntary non-profit - Private,Yes,Y,Y,3,17,7,NA,NA,NA,NA,5,8,7,0,7,0,,11,1,0,1,0,,8,8,,12,4,
050077,SCRIPPS MERCY HOSPITAL,4077 5TH AVE,SAN DIEGO,CA,92103,SAN DIEGO,(619) 294-8111,Acute Care Hospitals,Voluntary non-profit - Private,Yes,Y,Y,3,,7,7,0,7,0,,8,7,1,6,0,,11,11,0,11,0,,8,8,,12,11,
050078,PROVIDENCE LITTLE CO OF MARY MED CTR SAN PEDRO,1300 W 7TH ST,SAN PEDRO,CA,90732,LOS ANGELES,(310) 832-3311,Acute Care Hospitals,Voluntary non-profit - Private,No,Y,,2,,7,3,0,3,0,,8,4,1,3,0,,11,6,0,6,0,,8,8,,12,8,
050082,ST JOHNS REGIONAL MEDICAL CENTER,1600 N ROSE AVE,OXNARD,CA,93030,VENTURA,(805) 988-2500,Acute Care Hospitals,Voluntary non-profit - Private,Yes,Y,Y,3,,7,7,0,7,0,,8,7,0,7,0,,11,11,0,9,2,,8,8,,12,11,
050084,ST JOSEPH'S MEDICAL CENTER OF STOCKTON,1800 N CALIFORNIA ST,STOCKTON,CA,95204,SAN JOAQUIN,(209) 943-2000,Acute Care Hospitals,Voluntary non-profit - Private,Yes,Y,Y,3,,7,7,0,7,0,,8,7,1,5,1,,11,9,0,8,1,,8,8,,12,10,
050089,COMMUNITY HOSPITAL OF SAN BERNARDINO,1805 MEDICAL CENTER DRIVE,SAN BERNARDINO,CA,92411,SAN BERNARDINO,(909) 887-6333,Acute Care Hospitals,Voluntary non-profit - Private,Yes,Y,Y,3,,7,3,0,3,0,,8,5,1,4,0,,11,4,0,4,0,,8,8,,12,7,
050090,SONOMA VALLEY HOSPITAL,347 ANDRIEUX ST,SONOMA,CA,95476,SONOMA,(707) 935-5000,Acute Care Hospitals,Government - Hospital District or Authority,Yes,,,2,,7,3,0,3,0,,8,3,0,3,0,,11,7,0,6,1,,8,8,,12,10,
050091,COMMUNITY HOSPITAL OF HUNTINGTON PARK,2623 E SLAUSON AVE,HUNTINGTON PARK,CA,90255,LOS ANGELES,(323) 583-1931,Acute Care Hospitals,Proprietary,Yes,,,NA,16,7,2,0,2,0,,8,2,0,2,0,,11,4,0,4,0,,8,8,,12,7,
050093,SAINT AGNES MEDICAL CENTER,1303 E HERNDON AVE,FRESNO,CA,93710,FRESNO,(559) 450-3000,Acute Care Hospitals,Voluntary non-profit - Church,Yes,Y,Y,2,,7,7,0,7,0,,8,8,1,6,1,,11,9,0,7,2,,8,8,,12,11,
050096,"WEST COVINA MEDICAL CENTER, INC",725 S ORANGE AVE,WEST COVINA,CA,91790,LOS ANGELES,(626) 338-8481,Acute Care Hospitals,Proprietary,No,,,NA,16,7,2,0,2,0,,8,1,0,1,0,,11,3,0,2,1,,8,NA,5,12,2,
050099,SAN ANTONIO REGIONAL HOSPITAL,999 SAN BERNARDINO ROAD,UPLAND,CA,91786,SAN BERNARDINO,(714) 985-2811,Acute Care Hospitals,Voluntary non-profit - Other,Yes,Y,Y,4,,7,7,1,6,0,,8,8,1,7,0,,11,9,0,9,0,,8,8,,12,11,
050100,SHARP MEMORIAL HOSPITAL,7901 FROST ST,SAN DIEGO,CA,92123,SAN DIEGO,(858) 939-3400,Acute Care Hospitals,Voluntary non-profit - Private,Yes,Y,Y,4,,7,6,0,6,0,,8,8,2,6,0,,11,10,0,10,0,,8,8,,12,9,
050101,SUTTER SOLANO MEDICAL CENTER,300 HOSPITAL DR,VALLEJO,CA,94589,SOLANO,(707) 554-5280,Acute Care Hospitals,Voluntary non-profit - Private,Yes,Y,,3,,7,5,0,5,0,,8,7,1,6,0,,11,9,0,8,1,,8,8,,12,9,
050102,PARKVIEW COMMUNITY HOSPITAL MEDICAL CENTER,3865 JACKSON STREET,RIVERSIDE,CA,92503,RIVERSIDE,(951) 688-2211,Acute Care Hospitals,Proprietary,Yes,,Y,2,,7,3,0,3,0,,8,6,1,5,0,,11,6,0,5,1,,8,8,,12,9,
050103,WHITE MEMORIAL MEDICAL CENTER,1720 E CESAR AVENUE,LOS ANGELES,CA,90033,LOS ANGELES,(323) 268-5000,Acute Care Hospitals,Voluntary non-profit - Church,No,Y,Y,2,,7,5,0,5,0,,8,8,1,7,0,,11,8,0,5,3,,8,8,,12,8,
050104,SAINT FRANCIS MEDICAL CENTER,3630 EAST IMPERIAL HIGHWAY,LYNWOOD,CA,90262,LOS ANGELES,(310) 900-8900,Acute Care Hospitals,Voluntary non-profit - Church,No,Y,Y,3,,7,5,0,5,0,,8,6,1,5,0,,11,5,1,3,1,,8,8,,12,9,
050107,MARIAN REGIONAL MEDICAL CENTER,1400 E CHURCH ST,SANTA MARIA,CA,93454,SANTA BARBARA,(805) 739-3000,Acute Care Hospitals,Voluntary non-profit - Church,Yes,Y,Y,4,,7,7,0,7,0,,8,7,1,5,1,,11,11,2,8,1,,8,8,,12,11,
050108,"SUTTER MEDICAL CENTER, SACRAMENTO",2825 CAPITOL AVENUE,SACRAMENTO,CA,95816,SACRAMENTO,(916) 733-8999,Acute Care Hospitals,Voluntary non-profit - Private,Yes,Y,Y,4,,7,7,0,7,0,,8,8,2,6,0,,11,11,0,10,1,,8,8,,12,9,
050110,LOMPOC VALLEY MEDICAL CENTER,1515 E OCEAN AVENUE,LOMPOC,CA,93436,SANTA BARBARA,(805) 737-3300,Acute Care Hospitals,Government - Hospital District or Authority,Yes,Y,Y,3,,7,4,0,4,0,,8,4,0,4,0,,11,7,0,7,0,,8,8,,12,10,
050112,SANTA MONICA - UCLA MED CTR & ORTHOPAEDIC HOSPITAL,1250 16TH STREET,SANTA MONICA,CA,90404,LOS ANGELES,(310) 319-4000,Acute Care Hospitals,Voluntary non-profit - Private,Yes,Y,Y,5,,7,6,2,4,0,,8,7,1,6,0,,11,10,0,9,1,,8,8,,12,10,
050113,SAN MATEO MEDICAL CENTER,222 W 39TH AVE,SAN MATEO,CA,94403,SAN MATEO,(650) 573-2222,Acute Care Hospitals,Government - Local,Yes,,,NA,16,7,NA,NA,NA,NA,5,8,2,0,2,0,,11,3,0,3,0,,8,8,,12,6,
050115,PALOMAR HEALTH DOWNTOWN CAMPUS,555 EAST VALLEY PARKWAY,ESCONDIDO,CA,92025,SAN DIEGO,(760) 739-3000,Acute Care Hospitals,Government - Hospital District or Authority,Yes,Y,Y,3,,7,7,1,6,0,,8,7,1,6,0,,11,9,1,8,0,,8,8,,12,10,
050116,NORTHRIDGE HOSPITAL MEDICAL CENTER,18300 ROSCOE BLVD,NORTHRIDGE,CA,91325,LOS ANGELES,(818) 885-8500,Acute Care Hospitals,Voluntary non-profit - Private,Yes,Y,Y,5,,7,7,1,6,0,,8,7,2,5,0,,11,10,0,10,0,,8,8,,12,7,
050118,DOCTORS HOSPITAL OF MANTECA,1205 E NORTH STREET,MANTECA,CA,95336,SAN JOAQUIN,(209) 823-3111,Acute Care Hospitals,Voluntary non-profit - Other,Yes,Y,Y,1,,7,5,0,5,0,,8,4,1,2,1,,11,6,0,6,0,,8,8,,12,10,
050121,ADVENTIST HEALTH HANFORD,115 MALL DRIVE,HANFORD,CA,93230,KINGS,(209) 410-7200,Acute Care Hospitals,Voluntary non-profit - Private,Yes,Y,Y,1,,7,5,0,3,2,,8,8,1,7,0,,11,8,0,5,3,,8,8,,12,11,
050122,DAMERON HOSPITAL,525 WEST ACACIA STREET,STOCKTON,CA,95203,SAN JOAQUIN,(209) 944-5550,Acute Care Hospitals,Voluntary non-profit - Other,Yes,,,3,,7,7,0,7,0,,8,5,0,4,1,,11,8,1,7,0,,8,8,,12,7,
050124,USC VERDUGO HILLS HOSPITAL,1812 VERDUGO BLVD,GLENDALE,CA,91208,LOS ANGELES,(818) 790-7100,Acute Care Hospitals,Voluntary non-profit - Private,Yes,Y,Y,3,,7,5,0,5,0,,8,7,0,7,0,,11,7,0,5,2,,8,8,,12,10,
050125,REGIONAL MEDICAL CENTER OF SAN JOSE,225 N JACKSON AVENUE,SAN JOSE,CA,95116,SANTA CLARA,(408) 259-5000,Acute Care Hospitals,Government - Federal,Yes,Y,,3,,7,7,0,7,0,,8,6,1,5,0,,11,9,0,7,2,,8,8,,12,7,
050126,VALLEY PRESBYTERIAN HOSPITAL,15107 VANOWEN ST,VAN NUYS,CA,91406,LOS ANGELES,(818) 782-6600,Acute Care Hospitals,Voluntary non-profit - Other,Yes,Y,Y,2,,7,6,2,4,0,,8,7,1,6,0,,11,8,0,6,2,,8,8,,12,8,
050127,WOODLAND MEMORIAL HOSPITAL,1325 COTTONWOOD STREET,WOODLAND,CA,95695,YOLO,(530) 662-3961,Acute Care Hospitals,Voluntary non-profit - Other,Yes,Y,Y,3,,7,4,0,4,0,,8,5,0,5,0,,11,9,2,7,0,,8,8,,12,11,
050128,TRI-CITY MEDICAL CENTER,4002 VISTA WAY,OCEANSIDE,CA,92056,SAN DIEGO,(760) 724-8411,Acute Care Hospitals,Government - Hospital District or Authority,Yes,,Y,3,,7,6,0,6,0,,8,7,0,6,1,,11,9,0,9,0,,8,8,,12,8,
050129,ST BERNARDINE MEDICAL CENTER,2101 N WATERMAN AVE,SAN BERNARDINO,CA,92404,SAN BERNARDINO,(909) 883-8711,Acute Care Hospitals,Voluntary non-profit - Private,Yes,Y,Y,4,,7,7,0,7,0,,8,6,3,3,0,,11,7,0,7,0,,8,8,,12,8,
050131,NOVATO COMMUNITY HOSPITAL,180 ROWLAND WAY,NOVATO,CA,94945,MARIN,(415) 209-1300,Acute Care Hospitals,Voluntary non-profit - Other,Yes,Y,,5,,7,4,0,4,0,,8,3,0,3,0,,11,7,0,7,0,,8,8,,12,8,
050132,SAN GABRIEL VALLEY MEDICAL CENTER,438 W LAS TUNAS DRIVE,SAN GABRIEL,CA,91776,LOS ANGELES,(626) 289-5454,Acute Care Hospitals,Proprietary,Yes,Y,Y,4,,7,5,1,4,0,,8,7,0,7,0,,11,7,0,5,2,,8,8,,12,8,
050133,ADVENTIST HEALTH AND RIDEOUT,726 4TH ST,MARYSVILLE,CA,95901,YUBA,(530) 749-4300,Acute Care Hospitals,Government - Federal,Yes,Y,Y,2,,7,7,0,7,0,,8,7,1,6,0,,11,11,0,10,1,,8,8,,12,10,
050135,SOUTHERN CALIFORNIA HOSPITAL AT HOLLYWOOD,6245 DE LONGPRE AVE,HOLLYWOOD,CA,90028,LOS ANGELES,(323) 462-2271,Acute Care Hospitals,Proprietary,Yes,Y,,3,,7,6,2,4,0,,8,5,2,3,0,,11,6,0,4,2,,8,8,,12,7,
050136,PETALUMA VALLEY HOSPITAL,400 N MCDOWELL BLVD,PETALUMA,CA,94954,SONOMA,(707) 778-1111,Acute Care Hospitals,Voluntary non-profit - Other,Yes,Y,Y,3,,7,5,0,5,0,,8,3,0,3,0,,11,7,2,5,0,,8,8,,12,10,
050137,KAISER FOUNDATION HOSPITAL - PANORAMA CITY,13652 CANTARA ST,PANORAMA CITY,CA,91402,LOS ANGELES,(818) 375-2000,Acute Care Hospitals,Voluntary non-profit - Private,No,Y,Y,3,17,7,NA,NA,NA,NA,5,8,6,1,4,1,,11,1,0,1,0,,8,8,,12,4,
050138,KAISER FOUNDATION HOSPITAL - LOS ANGELES,4867 SUNSET BLVD,LOS ANGELES,CA,90027,LOS ANGELES,(323) 783-4011,Acute Care Hospitals,Voluntary non-profit - Other,No,Y,Y,3,17,7,1,0,1,0,,8,7,1,6,0,,11,2,0,2,0,,8,8,,12,4,
050139,KAISER FOUNDATION HOSPITAL - DOWNEY,9333 IMPERIAL HIGHWAY,DOWNEY,CA,90242,LOS ANGELES,(562) 461-6007,Acute Care Hospitals,Voluntary non-profit - Other,No,Y,Y,3,17,7,NA,NA,NA,NA,5,8,7,1,6,0,,11,1,0,1,0,,8,8,,12,4,
050140,KAISER FOUNDATION HOSPITAL FONTANA/ONTARIO,9961 SIERRA AVE,FONTANA,CA,92335,SAN BERNARDINO,(909) 427-5500,Acute Care Hospitals,Voluntary non-profit - Private,Yes,Y,Y,4,17,7,1,0,1,0,,8,7,1,6,0,,11,1,0,1,0,,8,8,,12,4,
050145,COMMUNITY HOSPITAL OF THE MONTEREY PENINSULA,23625 W R HOLMAN HIGHWAY,MONTEREY,CA,93940,MONTEREY,(831) 624-5311,Acute Care Hospitals,Voluntary non-profit - Private,Yes,Y,Y,3,,7,7,0,7,0,,8,7,0,7,0,,11,11,0,9,2,,8,8,,12,11,
050149,CALIFORNIA HOSPITAL MEDICAL CENTER LA,1401 SOUTH GRAND AVENUE,LOS ANGELES,CA,90015,LOS ANGELES,(213) 748-2411,Acute Care Hospitals,Voluntary non-profit - Other,Yes,Y,Y,4,,7,4,0,4,0,,8,6,1,5,0,,11,5,0,5,0,,8,8,,12,8,
050150,SIERRA NEVADA MEMORIAL HOSPITAL,155 GLASSON WAY,GRASS VALLEY,CA,95945,NEVADA,(530) 274-6000,Acute Care Hospitals,Voluntary non-profit - Other,Yes,Y,Y,3,,7,5,0,5,0,,8,6,0,6,0,,11,9,0,9,0,,8,8,,12,10,
050152,SAINT FRANCIS MEMORIAL HOSPITAL,900 HYDE ST,SAN FRANCISCO,CA,94109,SAN FRANCISCO,(415) 353-6000,Acute Care Hospitals,Voluntary non-profit - Private,Yes,Y,,3,,7,4,0,4,0,,8,5,1,4,0,,11,6,0,5,1,,8,8,,12,7,
050158,ENCINO HOSPITAL MEDICAL CENTER,16237 VENTURA BLVD,ENCINO,CA,91436,LOS ANGELES,(818) 995-5000,Acute Care Hospitals,Proprietary,No,Y,,4,,7,2,2,0,0,,8,3,0,3,0,,11,3,0,2,1,,8,8,,12,6,
050159,VENTURA COUNTY MEDICAL CENTER,300 HILLMONT AVENUE,VENTURA,CA,93003,VENTURA,(805) 652-6075,Acute Care Hospitals,Government - Local,Yes,Y,Y,2,,7,5,0,5,0,,8,7,0,7,0,,11,9,0,9,0,,8,8,,12,8,
05015F,60th Medical Group (Travis AFB),103 Bodin Circle,Fairfield,CA,94533,SOLANO,(707) 423-7300,Acute Care - Department of Defense,Department of Defense,Yes,,,NA,22,NA,NA,NA,NA,NA,22,NA,NA,NA,NA,NA,22,NA,NA,NA,NA,NA,22,NA,NA,22,NA,NA,22
050167,SAN JOAQUIN GENERAL HOSPITAL,500 W HOSPITAL ROAD,FRENCH CAMP,CA,95231,SAN JOAQUIN,(209) 468-6000,Acute Care Hospitals,Government - Local,Yes,Y,,1,,7,5,0,5,0,,8,6,1,4,1,,11,7,0,7,0,,8,8,,12,9,
050168,PROVIDENCE ST. JUDE MEDICAL CENTER,101 E VALENCIA MESA DRIVE,FULLERTON,CA,92835,ORANGE,(714) 992-3000,Acute Care Hospitals,Voluntary non-profit - Church,Yes,Y,Y,4,,7,7,0,7,0,,8,7,2,5,0,,11,11,2,9,0,,8,8,,12,10,
050169,PIH HEALTH HOSPITAL-WHITTIER,12401 WASHINGTON BLVD,WHITTIER,CA,90602,LOS ANGELES,(526) 698-0811,Acute Care Hospitals,Voluntary non-profit - Private,Yes,Y,Y,4,,7,6,0,6,0,,8,8,2,6,0,,11,10,0,9,1,,8,8,,12,10,
050174,PROVIDENCE SANTA ROSA MEMORIAL HOSPITAL,1165 MONTGOMERY DR,SANTA ROSA,CA,95405,SONOMA,(707) 525-5300,Acute Care Hospitals,Voluntary non-profit - Private,Yes,Y,Y,4,,7,7,0,7,0,,8,7,1,5,1,,11,11,2,8,1,,8,8,,12,11,
050179,EMANUEL MEDICAL CENTER,825 DELBON AVE,TURLOCK,CA,95382,STANISLAUS,(209) 667-4200,Acute Care Hospitals,Proprietary,Yes,Y,Y,1,,7,6,0,5,1,,8,7,1,4,2,,11,10,1,6,3,,8,8,,12,9,
050180,JOHN MUIR MEDICAL CENTER - WALNUT CREEK CAMPUS,1601 YGNACIO VALLEY RD,WALNUT CREEK,CA,94598,CONTRA COSTA,(925) 939-3000,Acute Care Hospitals,Voluntary non-profit - Other,Yes,Y,Y,4,,7,6,2,4,0,,8,8,2,6,0,,11,10,0,10,0,,8,8,,12,9,
050191,ST MARY MEDICAL CENTER,1050 LINDEN AVE,LONG BEACH,CA,90813,LOS ANGELES,(562) 491-9000,Acute Care Hospitals,Voluntary non-profit - Church,Yes,Y,Y,3,,7,6,0,6,0,,8,5,0,5,0,,11,7,0,5,2,,8,8,,12,8,
050192,ADVENTIST HEALTH REEDLEY,372 W CYPRESS AVE,REEDLEY,CA,93654,FRESNO,(559) 638-8155,Acute Care Hospitals,Voluntary non-profit - Private,No,Y,Y,NA,16,7,1,0,1,0,,8,1,0,1,0,,11,2,0,2,0,,8,8,,12,7,
050194,WATSONVILLE COMMUNITY HOSPITAL,75 NIELSON STREET,WATSONVILLE,CA,95076,SANTA CRUZ,(831) 724-4741,Acute Care Hospitals,Proprietary,Yes,Y,Y,1,,7,4,0,3,1,,8,2,0,2,0,,11,6,0,5,1,,8,8,,12,8,
050195,WASHINGTON HOSPITAL,2000 MOWRY AVE,FREMONT,CA,94538,ALAMEDA,(510) 797-1111,Acute Care Hospitals,Government - Hospital District or Authority,Yes,,Y,2,,7,7,0,6,1,,8,7,1,6,0,,11,11,0,7,4,,8,8,,12,9,
050197,SEQUOIA HOSPITAL,170 ALAMEDA DE LAS PULGAS,REDWOOD CITY,CA,94062,SAN MATEO,(650) 367-5551,Acute Care Hospitals,Voluntary non-profit - Private,Yes,Y,Y,5,,7,7,1,6,0,,8,5,1,4,0,,11,9,1,7,1,,8,8,,12,8,
050204,PALMDALE REGIONAL MEDICAL CENTER,38600 MEDICAL CENTER DRIVE,PALMDALE,CA,93552,LOS ANGELES,(661) 382-5000,Acute Care Hospitals,Proprietary,Yes,Y,Y,2,,7,6,0,6,0,,8,7,0,6,1,,11,7,1,6,0,,8,8,,12,8,
05020F,NH Camp Pendleton,200 Mercy Circle,Camp Pendleton,CA,92055,SAN DIEGO,(760) 725-1288,Acute Care - Department of Defense,Department of Defense,Yes,,,NA,22,NA,NA,NA,NA,NA,22,NA,NA,NA,NA,NA,22,NA,NA,NA,NA,NA,22,NA,NA,22,NA,NA,22
050211,ALAMEDA HOSPITAL,2070 CLINTON AVENUE,ALAMEDA,CA,94501,ALAMEDA,(510) 522-3700,Acute Care Hospitals,Government - Hospital District or Authority,Yes,Y,,4,,7,4,0,4,0,,8,4,0,4,0,,11,4,0,4,0,,8,8,,12,6,
050222,SHARP CHULA VISTA MEDICAL CENTER,751 MEDICAL CENTER COURT,CHULA VISTA,CA,91911,SAN DIEGO,(619) 502-5800,Acute Care Hospitals,Proprietary,Yes,Y,Y,4,,7,7,1,6,0,,8,7,2,5,0,,11,11,0,9,2,,8,8,,12,9,
050224,HOAG MEMORIAL HOSPITAL PRESBYTERIAN,ONE HOAG DRIVE,NEWPORT BEACH,CA,92663,ORANGE,(949) 764-4624,Acute Care Hospitals,Voluntary non-profit - Private,Yes,Y,Y,5,,7,7,1,6,0,,8,7,3,4,0,,11,10,0,8,2,,8,8,,12,11,
050226,AHMC ANAHEIM REGIONAL MEDICAL CENTER,1111 W LA PALMA AVENUE,ANAHEIM,CA,92801,ORANGE,(714) 774-1450,Acute Care Hospitals,Voluntary non-profit - Private,Yes,Y,Y,4,,7,5,0,5,0,,8,6,1,5,0,,11,8,0,7,1,,8,8,,12,7,
050228,ZUCKERBERG SAN FRANCISCO GENERAL HOSP & TRAUMA CTR,1001 POTRERO AVENUE,SAN FRANCISCO,CA,94110,SAN FRANCISCO,(415) 206-8000,Acute Care Hospitals,Government - Local,Yes,Y,Y,2,,7,6,0,6,0,,8,7,0,7,0,,11,10,0,8,2,,8,8,,12,9,
05022F,NMC San Diego,34800 Bob Wilson Drive,San Diego,CA,92134,SAN DIEGO,(619) 532-6400,Acute Care - Department of Defense,Department of Defense,Yes,,,NA,22,NA,NA,NA,NA,NA,22,NA,NA,NA,NA,NA,22,NA,NA,NA,NA,NA,22,NA,NA,22,NA,NA,22
050230,GARDEN GROVE HOSPITAL & MEDICAL CENTER,12601 GARDEN GROVE BLVD,GARDEN GROVE,CA,92843,ORANGE,(714) 537-5160,Acute Care Hospitals,Proprietary,Yes,Y,,3,,7,2,0,2,0,,8,4,1,3,0,,11,5,0,4,1,,8,8,,12,6,
050231,POMONA VALLEY HOSPITAL MEDICAL CENTER,1798 N GAREY AVE,POMONA,CA,91767,LOS ANGELES,(909) 865-9500,Acute Care Hospitals,Voluntary non-profit - Private,Yes,Y,Y,3,,7,6,0,6,0,,8,8,1,7,0,,11,10,2,8,0,,8,8,,12,9,
050232,FRENCH HOSPITAL MEDICAL CENTER,1911 JOHNSON AVE,SAN LUIS OBISPO,CA,93401,SAN LUIS OBISPO,(805) 543-5353,Acute Care Hospitals,Voluntary non-profit - Private,Yes,Y,Y,5,,7,7,0,6,1,,8,6,0,6,0,,11,9,1,8,0,,8,8,,12,10,
050234,SHARP CORONADO HOSPITAL AND HLTHCR CTR,250 PROSPECT PLACE,CORONADO,CA,92118,SAN DIEGO,(619) 435-6251,Acute Care Hospitals,Proprietary,Yes,Y,,4,,7,3,0,3,0,,8,5,0,5,0,,11,6,0,6,0,,8,8,,12,7,
050235,PROVIDENCE SAINT JOSEPH MEDICAL CTR,501 SOUTH BUENA VISTA STREET,BURBANK,CA,91505,LOS ANGELES,(818) 843-5111,Acute Care Hospitals,Voluntary non-profit - Church,Yes,Y,Y,4,,7,6,2,4,0,,8,8,2,6,0,,11,10,1,6,3,,8,8,,12,8,
050236,SIMI VALLEY HOSPITAL & HEALTH CARE SERVICES,2975 N SYCAMORE DR,SIMI VALLEY,CA,93065,VENTURA,(805) 955-6000,Acute Care Hospitals,Voluntary non-profit - Church,Yes,Y,Y,3,,7,5,0,5,0,,8,7,1,6,0,,11,8,0,6,2,,8,8,,12,10,
050238,USC ARCADIA HOSPITAL,300 W HUNTINGTON DR,ARCADIA,CA,91006,LOS ANGELES,(626) 445-4441,Acute Care Hospitals,Voluntary non-profit - Private,Yes,Y,Y,4,,7,6,1,5,0,,8,8,1,6,1,,11,8,0,5,3,,8,8,,12,8,
050239,GLENDALE ADVENTIST MEDICAL CENTER,1509 E WILSON TERRACE,GLENDALE,CA,91206,LOS ANGELES,(818) 409-8202,Acute Care Hospitals,Voluntary non-profit - Private,Yes,Y,Y,5,,7,7,2,5,0,,8,7,5,2,0,,11,9,1,6,2,,8,8,,12,10,
050242,DOMINICAN HOSPITAL,1555 SOQUEL DRIVE,SANTA CRUZ,CA,95065,SANTA CRUZ,(831) 462-7700,Acute Care Hospitals,Voluntary non-profit - Private,Yes,Y,Y,4,,7,7,0,7,0,,8,7,1,5,1,,11,11,0,11,0,,8,8,,12,9,
050243,DESERT REGIONAL MEDICAL CENTER,1150 NORTH INDIAN CANYON DRIVE,PALM SPRINGS,CA,92262,RIVERSIDE,(760) 323-6511,Acute Care Hospitals,Proprietary,Yes,Y,Y,2,,7,7,0,7,0,,8,7,1,6,0,,11,10,0,8,2,,8,8,,12,8,
050245,ARROWHEAD REGIONAL MEDICAL CENTER,400 NORTH PEPPER AVENUE,COLTON,CA,92324,SAN BERNARDINO,(909) 580-1000,Acute Care Hospitals,Government - Local,Yes,Y,Y,3,,7,5,0,5,0,,8,7,3,4,0,,11,7,0,7,0,,8,8,,12,9,
050248,NATIVIDAD MEDICAL CENTER,1441 CONSTITUTION BOULEVARD,SALINAS,CA,93906,MONTEREY,(831) 755-4111,Acute Care Hospitals,Government - Local,Yes,Y,Y,3,,7,4,0,4,0,,8,6,1,5,0,,11,6,0,6,0,,8,8,,12,9,
050254,MARSHALL MEDICAL CENTER,1100 MARSHALL WAY,PLACERVILLE,CA,95667,EL DORADO,(530) 622-1441,Acute Care Hospitals,Voluntary non-profit - Private,Yes,Y,Y,4,,7,5,0,5,0,,8,5,1,4,0,,11,9,0,9,0,,8,8,,12,11,
050257,GOOD SAMARITAN HOSPITAL,901 OLIVE DRIVE,BAKERSFIELD,CA,93308,KERN,(661) 399-4461,Acute Care Hospitals,Proprietary,No,,,NA,16,7,2,0,2,0,,8,2,0,2,0,,11,4,1,3,0,,8,NA,5,12,2,
05025F,FRESNO VA MEDICAL CENTER (VA CENTRAL CALIFORNIA HEALTHCARE SYSTEM),2615 E. CLINTON AVENUE,FRESNO,CA,93703,FRESNO,(559) 228-5338,Acute Care - Veterans Administration,Veterans Health Administration,Yes,,,4,,7,4,0,4,0,,8,3,0,3,0,,11,6,1,5,0,,8,8,,12,5,
050261,SIERRA VIEW MEDICAL CENTER,465 W PUTNAM AVE,PORTERVILLE,CA,93257,TULARE,(559) 784-1110,Acute Care Hospitals,Voluntary non-profit - Private,Yes,Y,Y,1,,7,5,0,4,1,,8,5,0,5,0,,11,10,0,9,1,,8,8,,12,9,
050262,RONALD REAGAN UCLA MEDICAL CENTER,757 WESTWOOD PLAZA,LOS ANGELES,CA,90095,LOS ANGELES,(310) 825-6301,Acute Care Hospitals,Government - State,Yes,Y,Y,5,,7,7,3,4,0,,8,8,2,6,0,,11,10,1,7,2,,8,8,,12,10,
050272,REDLANDS COMMUNITY HOSPITAL,350 TERRACINA BLVD,REDLANDS,CA,92373,SAN BERNARDINO,(909) 335-5500,Acute Care Hospitals,Voluntary non-profit - Private,Yes,Y,Y,3,,7,6,0,6,0,,8,7,0,7,0,,11,9,0,9,0,,8,8,,12,9,
050276,CONTRA COSTA REGIONAL MEDICAL CENTER,2500 ALHAMBRA AVENUE,MARTINEZ,CA,94553,CONTRA COSTA,(925) 370-5000,Acute Care Hospitals,Government - Local,Yes,,Y,4,,7,3,0,3,0,,8,6,0,6,0,,11,6,0,5,1,,8,8,,12,10,
050278,PROVIDENCE HOLY CROSS MEDICAL CENTER,15031 RINALDI ST,MISSION HILLS,CA,91346,LOS ANGELES,(818) 365-8051,Acute Care Hospitals,Voluntary non-profit - Church,Yes,Y,Y,5,,7,6,0,6,0,,8,8,2,6,0,,11,10,0,10,0,,8,8,,12,8,
050279,HI-DESERT MEDICAL CENTER,6601 WHITE FEATHER ROAD,JOSHUA TREE,CA,92252,SAN BERNARDINO,(760) 366-3711,Acute Care Hospitals,Government - Hospital District or Authority,Yes,Y,Y,2,,7,3,0,3,0,,8,2,0,2,0,,11,4,0,4,0,,8,8,,12,9,
05027F,VA LONG BEACH HEALTHCARE SYSTEM,5901 E. SEVENTH STREET,LONG BEACH,CA,90822,LOS ANGELES,(562) 826-8000,Acute Care - Veterans Administration,Veterans Health Administration,Yes,,,2,,7,5,1,4,0,,8,4,0,4,0,,11,6,0,2,4,,8,8,,12,6,
050280,MERCY MEDICAL CENTER REDDING,"2175 ROSALINE AVE, CLAIRMONT HGTS",REDDING,CA,96001,SHASTA,(530) 225-6102,Acute Care Hospitals,Voluntary non-profit - Private,Yes,Y,Y,2,,7,7,0,6,1,,8,7,2,5,0,,11,11,1,9,1,,8,8,,12,8,
050281,ALHAMBRA HOSPITAL MEDICAL CENTER,100 S RAYMOND AVE,ALHAMBRA,CA,91801,LOS ANGELES,(626) 570-1606,Acute Care Hospitals,Proprietary,No,Y,,4,,7,3,1,2,0,,8,5,1,4,0,,11,5,0,4,1,,8,8,,12,6,
050283,STANFORD HEALTH CARE - VALLEYCARE,5555 WEST LAS POSITAS BOULEVARD,PLEASANTON,CA,94588,ALAMEDA,(925) 447-7000,Acute Care Hospitals,Voluntary non-profit - Private,Yes,Y,Y,5,,7,7,0,7,0,,8,7,1,5,1,,11,9,2,7,0,,8,8,,12,11,
050289,AHMC SETON MEDICAL CENTER,1900 SULLIVAN AVENUE,DALY CITY,CA,94015,SAN MATEO,(650) 992-4000,Acute Care Hospitals,Voluntary non-profit - Church,Yes,Y,,1,,7,6,0,6,0,,8,5,0,4,1,,11,9,0,7,2,,8,8,,12,8,
050290,SAINT JOHN'S HEALTH CENTER,2121 SANTA MONICA BLVD,SANTA MONICA,CA,90404,LOS ANGELES,(310) 829-5511,Acute Care Hospitals,Voluntary non-profit - Private,Yes,Y,Y,5,,7,7,1,6,0,,8,7,2,5,0,,11,11,1,9,1,,8,8,,12,8,
050291,SUTTER SANTA ROSA REGIONAL HOSPITAL,30 MARK WEST SPRINGS ROAD,SANTA ROSA,CA,95403,SONOMA,(707) 576-4000,Acute Care Hospitals,Voluntary non-profit - Other,Yes,Y,Y,5,,7,7,0,7,0,,8,7,0,7,0,,11,11,2,9,0,,8,8,,12,10,
050292,RIVERSIDE UNIVERSITY HEALTH SYSTEM-MEDICAL CENTER,26520 CACTUS AVENUE,MORENO VALLEY,CA,92555,RIVERSIDE,(951) 486-4000,Acute Care Hospitals,Government - Local,Yes,Y,Y,3,,7,5,0,5,0,,8,7,2,5,0,,11,7,0,7,0,,8,8,,12,10,
050295,MERCY HOSPITAL,2215 TRUXTUN AVENUE,BAKERSFIELD,CA,93301,KERN,(661) 632-5000,Acute Care Hospitals,Voluntary non-profit - Other,Yes,Y,Y,3,,7,6,0,6,0,,8,8,2,6,0,,11,8,1,7,0,,8,8,,12,9,
050298,BARSTOW COMMUNITY HOSPITAL,820 E MOUNTAIN VIEW STREET,BARSTOW,CA,92311,SAN BERNARDINO,(760) 256-1761,Acute Care Hospitals,Proprietary,Yes,Y,Y,2,,7,3,0,3,0,,8,3,0,3,0,,11,5,0,5,0,,8,8,,12,7,
050300,ST MARY MEDICAL CENTER,18300 HIGHWAY 18,APPLE VALLEY,CA,92307,SAN BERNARDINO,(760) 242-2311,Acute Care Hospitals,Voluntary non-profit - Private,Yes,Y,Y,2,,7,6,0,6,0,,8,7,1,5,1,,11,8,0,6,2,,8,8,,12,8,
050301,ADVENTIST HEALTH UKIAH VALLEY,275 HOSPITAL DRIVE,UKIAH,CA,95482,MENDOCINO,(707) 462-3111,Acute Care Hospitals,Voluntary non-profit - Church,Yes,Y,Y,3,,7,4,0,4,0,,8,6,0,6,0,,11,9,1,8,0,,8,8,,12,11,
050305,ALTA BATES SUMMIT MEDICAL CENTER - ALTA BATES CAMP,2450 ASHBY AVENUE,BERKELEY,CA,94705,ALAMEDA,(510) 204-4444,Acute Care Hospitals,Voluntary non-profit - Private,Yes,Y,Y,3,,7,6,0,6,0,,8,7,1,6,0,,11,9,1,8,0,,8,8,,12,10,
050308,EL CAMINO HOSPITAL,2500 GRANT ROAD,MOUNTAIN VIEW,CA,94040,SANTA CLARA,(650) 940-7000,Acute Care Hospitals,Government - Hospital District or Authority,Yes,Y,Y,5,,7,7,1,6,0,,8,8,3,5,0,,11,11,0,11,0,,8,8,,12,11,
050309,SUTTER ROSEVILLE MEDICAL CENTER,ONE MEDICAL PLAZA,ROSEVILLE,CA,95661,PLACER,(916) 781-1000,Acute Care Hospitals,Voluntary non-profit - Private,Yes,Y,Y,5,,7,6,0,4,2,,8,8,2,6,0,,11,10,2,7,1,,8,8,,12,8,
05030F,VA N CALIFORNIA HEALTHCARE SYSTEM,10535 HOSPITAL WAY,MATHER,CA,95655,SACRAMENTO,(800) 382-8387,Acute Care - Veterans Administration,Veterans Health Administration,Yes,,,4,,7,5,0,5,0,,8,3,0,2,1,,11,4,1,3,0,,8,8,,12,5,
050313,SUTTER TRACY COMMUNITY HOSPITAL,1420 NORTH TRACY BLVD,TRACY,CA,95376,SAN JOAQUIN,(209) 835-1500,Acute Care Hospitals,Voluntary non-profit - Private,Yes,Y,Y,5,,7,5,0,5,0,,8,5,1,4,0,,11,7,0,7,0,,8,8,,12,11,
050315,KERN MEDICAL CENTER,1700 MOUNT VERNON AVENUE,BAKERSFIELD,CA,93306,KERN,(661) 326-2000,Acute Care Hospitals,Government - Hospital District or Authority,Yes,Y,Y,2,,7,1,0,1,0,,8,8,2,6,0,,11,7,0,7,0,,8,8,,12,8,
05031F,PALO ALTO VA MEDICAL CENTER,3801 MIRANDA AVENUE,PALO ALTO,CA,94304,SANTA CLARA,(650) 858-3939,Acute Care - Veterans Administration,Veterans Health Administration,Yes,,,4,,7,5,1,4,0,,8,4,0,4,0,,11,6,0,5,1,,8,8,,12,5,
050320,HIGHLAND HOSPITAL,1411 EAST 31ST STREET,OAKLAND,CA,94602,ALAMEDA,(510) 437-4800,Acute Care Hospitals,Government - Hospital District or Authority,Yes,Y,Y,1,,7,6,0,6,0,,8,6,1,3,2,,11,9,1,6,2,,8,8,,12,9,
050324,SCRIPPS MEMORIAL HOSPITAL LA JOLLA,9888 GENESEE AVENUE,LA JOLLA,CA,92037,SAN DIEGO,(858) 626-4123,Acute Care Hospitals,Physician,Yes,Y,Y,5,,7,7,1,6,0,,8,8,1,6,1,,11,9,1,8,0,,8,8,,12,10,
050327,LOMA LINDA UNIVERSITY MEDICAL CENTER,11234 ANDERSON ST,LOMA LINDA,CA,92354,SAN BERNARDINO,(909) 558-4000,Acute Care Hospitals,Voluntary non-profit - Private,Yes,Y,,4,,7,7,0,7,0,,8,8,4,4,0,,11,11,1,9,1,,8,8,,12,9,
050329,CORONA REGIONAL MEDICAL CENTER,800 SOUTH MAIN STREET,CORONA,CA,92882,RIVERSIDE,(951) 737-4343,Acute Care Hospitals,Proprietary,Yes,Y,Y,3,,7,5,0,5,0,,8,5,1,4,0,,11,7,0,7,0,,8,8,,12,9,
050334,SALINAS VALLEY MEMORIAL HOSPITAL,450 EAST ROMIE LANE,SALINAS,CA,93901,MONTEREY,(831) 757-4333,Acute Care Hospitals,Voluntary non-profit - Other,Yes,Y,Y,4,,7,7,0,7,0,,8,7,1,6,0,,11,11,1,10,0,,8,8,,12,10,
050335,ADVENTIST HEALTH SONORA,1000 GREENLEY ROAD,SONORA,CA,95370,TUOLUMNE,(209) 536-5000,Acute Care Hospitals,Voluntary non-profit - Church,No,Y,Y,4,,7,6,0,6,0,,8,5,1,4,0,,11,10,1,9,0,,8,8,,12,11,
050336,ADVENTIST HEALTH LODI MEMORIAL,975 S FAIRMONT AVENUE,LODI,CA,95240,SAN JOAQUIN,(209) 334-3411,Acute Care Hospitals,Voluntary non-profit - Other,No,Y,Y,4,,7,5,0,5,0,,8,7,1,6,0,,11,8,0,8,0,,8,8,,12,10,
050342,PIONEERS MEMORIAL HEALTHCARE DISTRICT,207 WEST LEGION ROAD,BRAWLEY,CA,92227,IMPERIAL,(760) 351-3333,Acute Care Hospitals,Government - Hospital District or Authority,Yes,,Y,3,,7,5,0,5,0,,8,6,1,4,1,,11,9,1,7,1,,8,8,,12,9,
050348,UNIVERSITY OF CALIFORNIA IRVINE MEDICAL CENTER,101 CITY DRIVE SOUTH,ORANGE,CA,92868,ORANGE,(714) 456-6112,Acute Care Hospitals,Government - Local,Yes,Y,Y,3,,7,7,1,6,0,,8,8,2,6,0,,11,11,1,9,1,,8,8,,12,10,
050350,BEVERLY HOSPITAL,309 W BEVERLY BLVD,MONTEBELLO,CA,90640,LOS ANGELES,(323) 726-1222,Acute Care Hospitals,Voluntary non-profit - Private,Yes,Y,Y,3,,7,5,0,5,0,,8,5,0,5,0,,11,6,0,4,2,,8,8,,12,8,
050351,TORRANCE MEMORIAL MEDICAL CENTER,3330 LOMITA BLVD,TORRANCE,CA,90509,LOS ANGELES,(310) 325-9110,Acute Care Hospitals,Voluntary non-profit - Other,Yes,Y,Y,4,,7,7,2,5,0,,8,8,2,6,0,,11,11,1,7,3,,8,8,,12,10,
050352,BARTON MEMORIAL HOSPITAL,2170 SOUTH AVENUE,SOUTH LAKE TAHOE,CA,96150,EL DORADO,(530) 541-3420,Acute Care Hospitals,Voluntary non-profit - Private,Yes,Y,Y,4,,7,3,0,3,0,,8,3,0,3,0,,11,7,0,7,0,,8,8,,12,10,
050353,PROVIDENCE LITTLE COMPANY OF MARY MED CTR TORRANCE,4101 TORRANCE BLVD,TORRANCE,CA,90503,LOS ANGELES,(310) 540-7676,Acute Care Hospitals,Voluntary non-profit - Church,No,Y,Y,4,,7,7,1,6,0,,8,7,1,6,0,,11,9,0,8,1,,8,8,,12,9,
050357,GOLETA VALLEY COTTAGE HOSPITAL,351 S PATTERSON AVE,SANTA BARBARA,CA,93111,SANTA BARBARA,(805) 967-3411,Acute Care Hospitals,Voluntary non-profit - Other,Yes,Y,,5,,7,1,0,1,0,,8,3,0,3,0,,11,4,1,3,0,,8,8,,12,6,
050360,MARIN GENERAL HOSPITAL,"250 BON AIR ROAD, PO BOX 8010",GREENBRAE,CA,94904,MARIN,(415) 925-7900,Acute Care Hospitals,Government - Local,Yes,Y,Y,5,,7,7,0,7,0,,8,7,2,5,0,,11,11,3,8,0,,8,8,,12,11,
050367,NORTHBAY MEDICAL CENTER,1200 B  GALE WILSON BLVD,FAIRFIELD,CA,94533,SOLANO,(707) 646-5000,Acute Care Hospitals,Voluntary non-profit - Private,Yes,Y,Y,3,,7,7,0,7,0,,8,7,1,5,1,,11,11,0,10,1,,8,8,,12,9,
050373,LAC+USC MEDICAL CENTER,"1200 N STATE ST, ROOM C2K100",LOS ANGELES,CA,90033,LOS ANGELES,(323) 226-2800,Acute Care Hospitals,Government - Local,Yes,Y,Y,1,,7,6,0,6,0,,8,7,3,4,0,,11,7,0,6,1,,8,8,,12,8,
050376,LAC/HARBOR-UCLA MED CENTER,1000 W CARSON ST,TORRANCE,CA,90502,LOS ANGELES,(310) 222-2101,Acute Care Hospitals,Government - Local,Yes,Y,Y,2,,7,6,0,6,0,,8,8,0,7,1,,11,8,1,7,0,,8,8,,12,9,
050378,PACIFICA HOSPITAL OF THE VALLEY,9449 SAN FERNANDO RD,SUN VALLEY,CA,91352,LOS ANGELES,(818) 767-3310,Acute Care Hospitals,Proprietary,Yes,,,1,,7,1,0,1,0,,8,4,0,4,0,,11,2,0,1,1,,8,8,,12,7,
050380,GOOD SAMARITAN HOSPITAL,2425 SAMARITAN DRIVE,SAN JOSE,CA,95124,SANTA CLARA,(408) 559-2011,Acute Care Hospitals,Proprietary,Yes,Y,Y,3,,7,7,0,7,0,,8,7,1,6,0,,11,9,0,9,0,,8,8,,12,8,
050382,EMANATE HEALTH INTER-COMMUNITY HOSPITAL,210 W  SAN BERNARDINO ROAD,COVINA,CA,91723,LOS ANGELES,(626) 814-2468,Acute Care Hospitals,Proprietary,Yes,Y,Y,2,,7,7,0,7,0,,8,7,1,6,0,,11,9,0,7,2,,8,8,,12,10,
050390,HEMET GLOBAL MEDICAL CENTER,1117 EAST DEVONSHIRE,HEMET,CA,92543,RIVERSIDE,(951) 652-2811,Acute Care Hospitals,Physician,Yes,,Y,1,,7,4,0,4,0,,8,7,3,4,0,,11,6,0,6,0,,8,8,,12,8,
050393,PIH HEALTH DOWNEY HOSPITAL,11500 BROOKSHIRE AVENUE,DOWNEY,CA,90241,LOS ANGELES,(526) 904-5000,Acute Care Hospitals,Voluntary non-profit - Private,Yes,Y,,4,,7,5,0,5,0,,8,7,1,6,0,,11,8,0,7,1,,8,8,,12,7,
050394,COMMUNITY MEMORIAL HOSPITAL SAN BUENAVENTURA,147 N BRENT ST,VENTURA,CA,93003,VENTURA,(805) 652-5011,Acute Care Hospitals,Voluntary non-profit - Private,Yes,Y,Y,5,,7,7,0,7,0,,8,7,1,6,0,,11,11,0,11,0,,8,8,,12,10,
050396,SANTA BARBARA COTTAGE HOSPITAL,400 WEST PUEBLO,SANTA BARBARA,CA,93102,SANTA BARBARA,(805) 682-7111,Acute Care Hospitals,Voluntary non-profit - Private,Yes,Y,Y,5,,7,7,0,7,0,,8,8,2,6,0,,11,11,2,8,1,,8,8,,12,11,
05039F,NH Twenty Nine Palms,1145 Sturgis Road,Twentynine Palms,CA,92278,SAN BERNARDINO,(760) 830-2190,Acute Care - Department of Defense,Department of Defense,Yes,,,NA,22,NA,NA,NA,NA,NA,22,NA,NA,NA,NA,NA,22,NA,NA,NA,NA,NA,22,NA,NA,22,NA,NA,22
050407,CHINESE HOSPITAL,845 JACKSON ST,SAN FRANCISCO,CA,94133,SAN FRANCISCO,(415) 982-2400,Acute Care Hospitals,Voluntary non-profit - Private,Yes,Y,,4,,7,4,0,4,0,,8,2,1,1,0,,11,8,1,7,0,,8,8,,12,8,
050411,KAISER FOUNDATION HOSPITAL - SOUTH BAY,25825 SOUTH VERMONT AVENUE,HARBOR CITY,CA,90710,LOS ANGELES,(310) 325-5111,Acute Care Hospitals,Voluntary non-profit - Other,No,Y,Y,4,17,7,NA,NA,NA,NA,5,8,6,1,5,0,,11,1,0,1,0,,8,8,,12,4,
050414,MERCY HOSPITAL OF FOLSOM,1650 CREEKSIDE DRIVE,FOLSOM,CA,95630,SACRAMENTO,(916) 983-7400,Acute Care Hospitals,Voluntary non-profit - Private,Yes,Y,Y,3,,7,5,0,5,0,,8,7,1,6,0,,11,8,0,7,1,,8,8,,12,8,
050417,SUTTER COAST HOSPITAL,800 E WASHINGTON BLVD,CRESCENT CITY,CA,95531,DEL NORTE,(707) 464-8880,Acute Care Hospitals,Government - Hospital District or Authority,Yes,Y,Y,3,,7,4,0,4,0,,8,4,0,4,0,,11,9,0,9,0,,8,8,,12,9,
05041F,Weed ACH (FT Irwin),166 4th Street,Fort Irwin,CA,92310,SAN BERNARDINO,(866) 957-9224,Acute Care - Department of Defense,Department of Defense,Yes,,,NA,22,NA,NA,NA,NA,NA,22,NA,NA,NA,NA,NA,22,NA,NA,NA,NA,NA,22,NA,NA,22,NA,NA,22
050423,PALO VERDE HOSPITAL,250 NORTH FIRST STREET,BLYTHE,CA,92225,RIVERSIDE,(760) 922-4115,Acute Care Hospitals,Government - Hospital District or Authority,Yes,Y,Y,NA,16,7,NA,NA,NA,NA,5,8,1,0,1,0,,11,1,0,1,0,,8,NA,5,12,6,
050424,SCRIPPS GREEN HOSPITAL,10666 NORTH TORREY PINES ROAD,LA JOLLA,CA,92037,SAN DIEGO,(858) 455-9100,Acute Care Hospitals,Voluntary non-profit - Other,No,Y,,5,,7,4,0,4,0,,8,7,0,6,1,,11,9,0,9,0,,8,8,,12,6,
050425,KAISER FOUNDATION HOSPITAL - SACRAMENTO,2025 MORSE AVENUE,SACRAMENTO,CA,95825,SACRAMENTO,(916) 973-5000,Acute Care Hospitals,Voluntary non-profit - Private,Yes,Y,,3,17,7,3,0,3,0,,8,7,1,5,1,,11,3,0,3,0,,8,8,,12,3,
050426,WEST ANAHEIM MEDICAL CENTER,3033 W ORANGE AVENUE,ANAHEIM,CA,92804,ORANGE,(714) 827-3000,Acute Care Hospitals,Proprietary,Yes,Y,,4,,7,5,0,5,0,,8,5,1,4,0,,11,5,0,5,0,,8,8,,12,6,
050438,HUNTINGTON HOSPITAL,100 W  CALIFORNIA BLVD,PASADENA,CA,91109,LOS ANGELES,(626) 397-5000,Acute Care Hospitals,Voluntary non-profit - Other,Yes,Y,Y,4,,7,7,1,6,0,,8,8,3,5,0,,11,9,0,9,0,,8,8,,12,8,
050441,STANFORD HEALTH CARE,300 PASTEUR DRIVE,STANFORD,CA,94305,SANTA CLARA,(650) 723-5708,Acute Care Hospitals,Voluntary non-profit - Private,Yes,Y,,5,,7,7,3,4,0,,8,8,2,6,0,,11,11,1,9,1,,8,8,,12,10,
050444,MERCY MEDICAL CENTER,333 MERCY AVENUE,MERCED,CA,95340,MERCED,(209) 564-5000,Acute Care Hospitals,Voluntary non-profit - Private,Yes,Y,Y,3,,7,6,0,6,0,,8,7,2,4,1,,11,10,0,10,0,,8,8,,12,8,
050454,UCSF MEDICAL CENTER,"505 PARNASSUS AVE, BOX 0296",SAN FRANCISCO,CA,94143,SAN FRANCISCO,(415) 353-2733,Acute Care Hospitals,Voluntary non-profit - Other,Yes,Y,Y,5,,7,7,3,4,0,,8,8,1,7,0,,11,11,0,10,1,,8,8,,12,10,
050455,ADVENTIST HEALTH BAKERSFIELD,2615 CHESTER AVENUE,BAKERSFIELD,CA,93301,KERN,(661) 395-3000,Acute Care Hospitals,Voluntary non-profit - Private,Yes,Y,Y,4,,7,6,0,6,0,,8,7,1,6,0,,11,10,0,10,0,,8,8,,12,10,
050457,ST MARY'S MEDICAL CENTER,450 STANYAN ST,SAN FRANCISCO,CA,94117,SAN FRANCISCO,(415) 668-1000,Acute Care Hospitals,Voluntary non-profit - Private,Yes,Y,,3,,7,6,0,6,0,,8,6,1,5,0,,11,10,0,8,2,,8,8,,12,8,
050464,DOCTORS MEDICAL CENTER,1441 FLORIDA AVENUE,MODESTO,CA,95350,STANISLAUS,(209) 578-1211,Acute Care Hospitals,Proprietary,Yes,Y,Y,1,,7,7,0,4,3,,8,7,2,4,1,,11,9,0,6,3,,8,8,,12,9,
050468,MEMORIAL HOSPITAL OF GARDENA,1145 W REDONDO BEACH BLVD,GARDENA,CA,90247,LOS ANGELES,(310) 532-4200,Acute Care Hospitals,Proprietary,Yes,,,2,,7,4,0,4,0,,8,5,0,5,0,,11,4,1,2,1,,8,8,,12,6,
050471,PIH HEALTH GOOD SAMARITAN HOSPITAL,1225 WILSHIRE BOULEVARD,LOS ANGELES,CA,90017,LOS ANGELES,(213) 977-2121,Acute Care Hospitals,Proprietary,No,Y,Y,3,,7,7,1,6,0,,8,7,1,5,1,,11,9,0,8,1,,8,8,,12,9,
050481,WEST HILLS HOSPITAL & MEDICAL CENTER,7300 MEDICAL CENTER DR,WEST HILLS,CA,91307,LOS ANGELES,(818) 676-4000,Acute Care Hospitals,Proprietary,Yes,Y,,2,,7,7,1,6,0,,8,7,1,6,0,,11,8,0,5,3,,8,8,,12,6,
050485,MEMORIALCARE LONG BEACH MEDICAL CENTER,2801 ATLANTIC AVE,LONG BEACH,CA,90806,LOS ANGELES,(562) 933-2000,Acute Care Hospitals,Voluntary non-profit - Other,No,Y,,3,,7,7,1,6,0,,8,8,0,8,0,,11,11,0,10,1,,8,8,,12,8,
050488,EDEN MEDICAL CENTER,20103 LAKE CHABOT ROAD,CASTRO VALLEY,CA,94546,ALAMEDA,(510) 537-1234,Acute Care Hospitals,Voluntary non-profit - Other,Yes,Y,Y,5,,7,6,0,6,0,,8,7,1,6,0,,11,8,0,8,0,,8,8,,12,9,
050492,CLOVIS COMMUNITY MEDICAL CENTER,2755 HERNDON AVE,CLOVIS,CA,93611,FRESNO,(559) 324-4000,Acute Care Hospitals,Voluntary non-profit - Private,Yes,Y,Y,2,,7,6,0,5,1,,8,8,1,7,0,,11,10,1,8,1,,8,8,,12,8,
050496,JOHN MUIR MEDICAL CENTER - CONCORD CAMPUS,2540 EAST ST,CONCORD,CA,94520,CONTRA COSTA,(925) 682-8200,Acute Care Hospitals,Voluntary non-profit - Private,Yes,Y,,5,,7,7,0,7,0,,8,7,1,6,0,,11,11,2,9,0,,8,8,,12,9,
050498,SUTTER AUBURN FAITH HOSPITAL,11815 EDUCATION STREET,AUBURN,CA,95603,PLACER,(530) 888-4500,Acute Care Hospitals,Voluntary non-profit - Private,Yes,Y,,5,,7,5,0,5,0,,8,6,0,6,0,,11,9,2,7,0,,8,8,,12,11,
050503,SCRIPPS MEMORIAL HOSPITAL - ENCINITAS,354 SANTA FE DRIVE,ENCINITAS,CA,92024,SAN DIEGO,(760) 753-6501,Acute Care Hospitals,Voluntary non-profit - Private,Yes,Y,Y,5,,7,6,1,5,0,,8,7,0,7,0,,11,8,3,5,0,,8,8,,12,11,
050506,TENET HEALTH CENTRAL COAST SIERRA VISTA RMC,1010 MURRAY AVENUE,SAN LUIS OBISPO,CA,93405,SAN LUIS OBISPO,(805) 546-7600,Acute Care Hospitals,Proprietary,Yes,Y,Y,2,,7,4,0,4,0,,8,7,1,6,0,,11,7,1,6,0,,8,8,,12,8,
050510,KAISER FOUNDATION HOSPITAL,99 MONTECILLO RD,SAN RAFAEL,CA,94903,MARIN,(415) 444-2000,Acute Care Hospitals,Voluntary non-profit - Private,Yes,Y,,3,17,7,NA,NA,NA,NA,5,8,5,0,5,0,,11,1,0,1,0,,8,8,,12,3,
050512,KAISER FOUNDATION HOSPITAL - FREMONT,39400 PASEO PADRE PKWY,FREMONT,CA,94538,ALAMEDA,(510) 784-4000,Acute Care Hospitals,Voluntary non-profit - Private,Yes,Y,,5,17,7,NA,NA,NA,NA,5,8,6,1,5,0,,11,1,0,1,0,,8,8,,12,3,
050515,KAISER FOUNDATION HOSPITAL - SAN DIEGO,4647 ZION AVE,SAN DIEGO,CA,92120,SAN DIEGO,(619) 528-5000,Acute Care Hospitals,Voluntary non-profit - Private,Yes,Y,Y,3,17,7,NA,NA,NA,NA,5,8,6,2,2,2,,11,2,0,2,0,,8,8,,12,4,
050516,MERCY SAN JUAN MEDICAL CENTER,6501 COYLE AVE,CARMICHAEL,CA,95608,SACRAMENTO,(916) 537-5000,Acute Care Hospitals,Voluntary non-profit - Private,Yes,Y,Y,3,,7,7,0,7,0,,8,8,4,4,0,,11,11,1,10,0,,8,8,,12,9,
050517,VICTOR VALLEY GLOBAL MEDICAL CENTER,15248 11TH ST,VICTORVILLE,CA,92392,SAN BERNARDINO,(760) 245-8691,Acute Care Hospitals,Voluntary non-profit - Private,Yes,,Y,1,,7,2,0,2,0,,8,5,1,4,0,,11,5,0,4,1,,8,8,,12,7,
050523,SUTTER DELTA MEDICAL CENTER,3901 LONE TREE WAY,ANTIOCH,CA,94509,CONTRA COSTA,(925) 779-7200,Acute Care Hospitals,Voluntary non-profit - Private,Yes,Y,Y,4,,7,6,0,6,0,,8,6,1,5,0,,11,7,0,7,0,,8,8,,12,8,
050526,HUNTINGTON BEACH HOSPITAL,17772 BEACH BLVD,HUNTINGTON BEACH,CA,92647,ORANGE,(714) 843-5000,Acute Care Hospitals,Proprietary,Yes,Y,,2,,7,3,0,3,0,,8,4,0,4,0,,11,4,0,4,0,,8,8,,12,6,
050528,MEMORIAL HOSPITAL LOS BANOS,520 WEST I ST,LOS BANOS,CA,93635,MERCED,(209) 826-0591,Acute Care Hospitals,Voluntary non-profit - Private,Yes,Y,Y,2,,7,3,0,3,0,,8,2,0,2,0,,11,5,1,4,0,,8,8,,12,9,
050534,JOHN F KENNEDY MEMORIAL HOSPITAL,47111 MONROE STREET,INDIO,CA,92201,RIVERSIDE,(760) 347-6191,Acute Care Hospitals,Proprietary,Yes,Y,Y,2,,7,5,0,5,0,,8,4,1,3,0,,11,7,3,4,0,,8,8,,12,9,
050537,SUTTER DAVIS HOSPITAL,2000 SUTTER PLACE,DAVIS,CA,95616,YOLO,(530) 756-6440,Acute Care Hospitals,Voluntary non-profit - Private,Yes,Y,Y,5,,7,4,0,4,0,,8,3,0,3,0,,11,9,2,7,0,,8,8,,12,10,
050541,KAISER FOUNDATION HOSPITAL - REDWOOD CITY,1100 VETERANS BOULEVARD,REDWOOD CITY,CA,94063,SAN MATEO,(650) 299-2000,Acute Care Hospitals,Voluntary non-profit - Private,Yes,Y,Y,3,17,7,1,0,1,0,,8,6,2,4,0,,11,1,0,1,0,,8,8,,12,4,
050543,COLLEGE HOSPITAL COSTA MESA,301 VICTORIA STREET,COSTA MESA,CA,92627,ORANGE,(949) 642-2734,Acute Care Hospitals,Proprietary,No,Y,,NA,16,7,NA,NA,NA,NA,5,8,1,1,0,0,,11,NA,NA,NA,NA,5,8,NA,5,12,3,
050546,PORTERVILLE DEVELOPMENTAL CENTER,26501 AVENUE 140,PORTERVILLE,CA,93257,TULARE,(559) 782-2222,Acute Care Hospitals,Government - State,No,,,NA,19,NA,NA,NA,NA,NA,19,NA,NA,NA,NA,NA,19,NA,NA,NA,NA,NA,19,NA,NA,19,NA,NA,19
050549,LOS ROBLES HOSPITAL & MEDICAL CENTER,215 W JANSS RD,THOUSAND OAKS,CA,91360,VENTURA,(805) 497-2727,Acute Care Hospitals,Proprietary,No,Y,,4,,7,7,2,5,0,,8,7,2,5,0,,11,9,0,6,3,,8,8,,12,8,
050551,LOS ALAMITOS MEDICAL CENTER,3751 KATELLA AVENUE,LOS ALAMITOS,CA,90720,ORANGE,(562) 799-3220,Acute Care Hospitals,Proprietary,Yes,Y,,1,,7,6,0,6,0,,8,7,0,6,1,,11,8,0,6,2,,8,8,,12,7,
050557,MEMORIAL MEDICAL CENTER,1700 COFFEE RD,MODESTO,CA,95355,STANISLAUS,(209) 526-4500,Acute Care Hospitals,Voluntary non-profit - Private,Yes,Y,Y,2,,7,7,0,7,0,,8,7,1,6,0,,11,11,0,10,1,,8,8,,12,10,
050561,KAISER FOUNDATION HOSPITAL - WEST LA,6041 CADILLAC AVE,LOS ANGELES,CA,90034,LOS ANGELES,(213) 857-2201,Acute Care Hospitals,Voluntary non-profit - Private,No,Y,Y,3,17,7,NA,NA,NA,NA,5,8,6,0,5,1,,11,1,0,1,0,,8,8,,12,4,
050567,PROVIDENCE MISSION HOSPITAL,27700 MEDICAL CENTER RD,MISSION VIEJO,CA,92691,ORANGE,(949) 364-1400,Acute Care Hospitals,Voluntary non-profit - Private,Yes,Y,Y,4,,7,7,1,6,0,,8,7,1,6,0,,11,11,2,9,0,,8,8,,12,11,
050568,MADERA COMMUNITY HOSPITAL,1250 E ALMOND AVE,MADERA,CA,93637,MADERA,(559) 675-5555,Acute Care Hospitals,Voluntary non-profit - Other,Yes,,Y,2,,7,5,0,5,0,,8,5,0,4,1,,11,8,0,8,0,,8,8,,12,8,
050570,FOUNTAIN VALLEY REGIONAL HOSPITAL & MEDICAL CENTER,17100 EUCLID STREET,FOUNTAIN VALLEY,CA,92708,ORANGE,(714) 966-7200,Acute Care Hospitals,Proprietary,Yes,Y,Y,2,,7,7,2,5,0,,8,8,0,7,1,,11,7,0,4,3,,8,8,,12,8,
050573,EISENHOWER MEDICAL CENTER,39-000 BOB HOPE DRIVE,RANCHO MIRAGE,CA,92270,RIVERSIDE,(760) 340-3911,Acute Care Hospitals,Proprietary,Yes,Y,Y,5,,7,7,0,7,0,,8,8,4,3,1,,11,11,1,10,0,,8,8,,12,10,
050580,LA PALMA INTERCOMMUNITY HOSPITAL,7901 WALKER STREET,LA PALMA,CA,90623,ORANGE,(714) 670-7400,Acute Care Hospitals,Proprietary,No,Y,,3,,7,4,1,3,0,,8,3,0,3,0,,11,4,0,3,1,,8,8,,12,6,
050581,LAKEWOOD REGIONAL MEDICAL CENTER,3700 SOUTH ST,LAKEWOOD,CA,90712,LOS ANGELES,(562) 602-6751,Acute Care Hospitals,Proprietary,Yes,Y,,3,,7,6,0,6,0,,8,7,0,7,0,,11,8,0,6,2,,8,8,,12,9,
050586,CHINO VALLEY MEDICAL CENTER,5451 WALNUT AVE,CHINO,CA,91710,SAN BERNARDINO,(909) 627-6111,Acute Care Hospitals,Proprietary,Yes,Y,,NA,16,7,2,0,2,0,,8,2,0,2,0,,11,3,0,3,0,,8,8,,12,6,
050588,SAN DIMAS COMMUNITY HOSPITAL,1350 W COVINA BLVD,SAN DIMAS,CA,91773,LOS ANGELES,(909) 599-6811,Acute Care Hospitals,Proprietary,Yes,Y,Y,2,,7,3,0,3,0,,8,4,1,3,0,,11,4,0,3,1,,8,8,,12,8,
050589,PLACENTIA LINDA HOSPITAL,1301 N ROSE DRIVE,PLACENTIA,CA,92870,ORANGE,(714) 993-2000,Acute Care Hospitals,Proprietary,No,Y,,2,,7,3,0,3,0,,8,5,0,5,0,,11,7,0,7,0,,8,8,,12,8,
050590,METHODIST HOSPITAL OF SACRAMENTO,7500 HOSPITAL DRIVE,SACRAMENTO,CA,95823,SACRAMENTO,(916) 423-6010,Acute Care Hospitals,Voluntary non-profit - Private,Yes,Y,Y,3,,7,5,0,5,0,,8,6,1,4,1,,11,7,0,7,0,,8,8,,12,9,
050597,EMANATE HEALTH FOOTHILL PRESBYTERIAN HOSPITAL,250 S GRAND AVE,GLENDORA,CA,91740,LOS ANGELES,(626) 963-8411,Acute Care Hospitals,Voluntary non-profit - Private,No,Y,,4,,7,4,0,4,0,,8,6,1,5,0,,11,6,0,6,0,,8,8,,12,7,
050599,UNIVERSITY OF CALIFORNIA DAVIS MEDICAL CENTER,2315 STOCKTON BOULEVARD,SACRAMENTO,CA,95817,SACRAMENTO,(916) 734-2011,Acute Care Hospitals,Government - Hospital District or Authority,Yes,Y,Y,4,,7,7,2,5,0,,8,8,2,6,0,,11,11,1,8,2,,8,8,,12,10,
050603,MEMORIALCARE SADDLEBACK MEDICAL CENTER,24451 HEALTH CENTER DRIVE,LAGUNA HILLS,CA,92653,ORANGE,(949) 837-4500,Acute Care Hospitals,Voluntary non-profit - Private,Yes,Y,Y,4,,7,7,0,7,0,,8,7,0,7,0,,11,7,1,6,0,,8,8,,12,9,
050604,KAISER FOUNDATION HOSPITAL-SAN JOSE,250 HOSPITAL PARKWAY,SAN JOSE,CA,95119,SANTA CLARA,(408) 972-7000,Acute Care Hospitals,Voluntary non-profit - Private,Yes,Y,Y,5,17,7,1,0,1,0,,8,6,2,4,0,,11,2,1,1,0,,8,8,,12,4,
050608,ADVENTIST HEALTH DELANO,1401 GARCES HIGHWAY,DELANO,CA,93215,KERN,(661) 725-4800,Acute Care Hospitals,Proprietary,Yes,,Y,2,,7,3,0,3,0,,8,4,0,4,0,,11,5,0,5,0,,8,8,,12,9,
050609,KAISER FOUNDATION HOSPITAL - ORANGE COUNTY - ANAHEIM,3440 E LA PALMA AVE,ANAHEIM,CA,92806,ORANGE,(714) 279-4000,Acute Care Hospitals,Voluntary non-profit - Private,Yes,Y,Y,4,17,7,NA,NA,NA,NA,5,8,7,1,6,0,,11,1,0,1,0,,8,8,,12,4,
050624,HENRY MAYO NEWHALL  HOSPITAL,23845  MCBEAN PKWY,VALENCIA,CA,91355,LOS ANGELES,(661) 253-8000,Acute Care Hospitals,Voluntary non-profit - Private,No,Y,Y,2,,7,6,0,6,0,,8,7,1,5,1,,11,8,0,6,2,,8,8,,12,10,
050625,CEDARS-SINAI MEDICAL CENTER,8700 BEVERLY BLVD,LOS ANGELES,CA,90048,LOS ANGELES,(310) 423-5000,Acute Care Hospitals,Voluntary non-profit - Other,Yes,Y,Y,5,,7,7,4,3,0,,8,8,2,4,2,,11,11,2,6,3,,8,8,,12,10,
050633,TENET HEALTH CENTRAL TWIN CITIES COMMUNITY HOSP,1100 LAS TABLAS RD,TEMPLETON,CA,93465,SAN LUIS OBISPO,(805) 434-3500,Acute Care Hospitals,Proprietary,Yes,Y,Y,2,,7,5,0,5,0,,8,4,0,4,0,,11,7,0,7,0,,8,8,,12,10,
050636,PALOMAR MEDICAL CENTER POWAY,15615 POMERADO ROAD,POWAY,CA,92064,SAN DIEGO,(858) 485-6511,Acute Care Hospitals,Government - Hospital District or Authority,Yes,Y,Y,4,,7,4,0,4,0,,8,6,1,5,0,,11,7,0,7,0,,8,8,,12,9,
050641,EAST LOS ANGELES DOCTORS HOSPITAL,4060 WHITTIER BLVD,LOS ANGELES,CA,90023,LOS ANGELES,(323) 268-5514,Acute Care Hospitals,Proprietary,Yes,,Y,NA,16,7,2,0,2,0,,8,2,0,2,0,,11,3,0,3,0,,8,8,,12,7,
050663,LOS ANGELES COMMUNITY HOSPITAL,4081 E OLYMPIC BLVD,LOS ANGELES,CA,90023,LOS ANGELES,(323) 267-0477,Acute Care Hospitals,Proprietary,Yes,Y,,4,,7,3,1,2,0,,8,5,1,3,1,,11,5,0,5,0,,8,8,,12,6,
050668,LAGUNA HONDA HOSPITAL & REHABILITATION CENTER,375 LAGUNA HONDA BLVD,SAN FRANCISCO,CA,94116,SAN FRANCISCO,(415) 759-2300,Acute Care Hospitals,Government - Local,No,,,NA,16,7,1,0,1,0,,8,NA,NA,NA,NA,5,11,1,0,1,0,,8,NA,5,12,3,
050674,KAISER FOUNDATION HOSP SO SACRAMENTO,6600 BRUCEVILLE ROAD,SACRAMENTO,CA,95823,SACRAMENTO,(916) 688-2000,Acute Care Hospitals,Voluntary non-profit - Private,Yes,Y,Y,4,17,7,5,0,5,0,,8,6,1,5,0,,11,4,0,4,0,,8,8,,12,4,
050677,KAISER FOUNDATION HOSPITAL - WOODLAND HILLS,5601 DE SOTO AVENUE,WOODLAND HILLS,CA,91367,LOS ANGELES,(818) 719-3800,Acute Care Hospitals,Voluntary non-profit - Private,No,Y,Y,2,17,7,NA,NA,NA,NA,5,8,6,0,5,1,,11,1,0,1,0,,8,8,,12,4,
050678,MEMORIALCARE ORANGE COAST MEDICAL CENTER,9920 TALBERT AVENUE,FOUNTAIN VALLEY,CA,92708,ORANGE,(714) 378-7406,Acute Care Hospitals,Proprietary,Yes,Y,Y,3,,7,7,0,7,0,,8,8,1,7,0,,11,11,0,11,0,,8,8,,12,8,
050684,MENIFEE GLOBAL MEDICAL CENTER,28400 MCCALL BOULEVARD,SUN CITY,CA,92585,RIVERSIDE,(951) 679-8888,Acute Care Hospitals,Physician,Yes,,,3,,7,3,0,3,0,,8,3,1,2,0,,11,4,0,4,0,,8,8,,12,6,
050686,"KAISER FOUNDATION HOSPITAL, RIVERSIDE",10800 MAGNOLIA AVENUE,RIVERSIDE,CA,92505,RIVERSIDE,(951) 353-2000,Acute Care Hospitals,Voluntary non-profit - Other,Yes,Y,Y,3,17,7,NA,NA,NA,NA,5,8,6,1,5,0,,11,1,0,1,0,,8,8,,12,4,
050689,SAN RAMON REGIONAL MEDICAL CENTER,6001 NORRIS CANYON ROAD,SAN RAMON,CA,94583,CONTRA COSTA,(925) 275-9200,Acute Care Hospitals,Proprietary,Yes,Y,Y,3,,7,5,0,5,0,,8,4,0,4,0,,11,8,0,6,2,,8,8,,12,9,
050690,KAISER FOUNDATION HOSPITAL-SANTA ROSA,401 BICENTENNIAL WAY,SANTA ROSA,CA,95403,SONOMA,(707) 571-4000,Acute Care Hospitals,Voluntary non-profit - Private,Yes,Y,Y,3,17,7,NA,NA,NA,NA,5,8,6,1,5,0,,11,1,0,1,0,,8,8,,12,4,
050696,KECK HOSPITAL OF USC,1500 SAN PABLO STREET,LOS ANGELES,CA,90033,LOS ANGELES,(323) 442-8656,Acute Care Hospitals,Voluntary non-profit - Other,No,Y,,5,,7,5,0,5,0,,8,8,2,6,0,,11,10,2,7,1,,8,8,,12,7,
050697,PATIENTS' HOSPITAL OF REDDING,2900 EUREKA WAY,REDDING,CA,96001,SHASTA,(530) 225-8700,Acute Care Hospitals,Proprietary,No,,,NA,16,7,NA,NA,NA,NA,5,8,1,0,1,0,,11,2,0,2,0,,8,NA,5,12,2,
050701,SOUTHWEST HEALTHCARE SYSTEM,25500 MEDICAL CENTER DRIVE,MURRIETA,CA,92562,RIVERSIDE,(951) 696-6000,Acute Care Hospitals,Proprietary,Yes,Y,Y,2,,7,6,0,6,0,,8,7,1,5,1,,11,7,0,7,0,,8,8,,12,9,
050704,MISSION COMMUNITY HOSPITAL,14850 ROSCOE BLVD,PANORAMA CITY,CA,91402,LOS ANGELES,(818) 904-3100,Acute Care Hospitals,Voluntary non-profit - Private,No,Y,,4,,7,3,1,2,0,,8,6,0,6,0,,11,5,1,3,1,,8,8,,12,7,
050708,FRESNO SURGICAL HOSPITAL,6125 NORTH FRESNO ST,FRESNO,CA,93710,FRESNO,(559) 431-8000,Acute Care Hospitals,Proprietary,No,Y,,NA,16,7,NA,NA,NA,NA,5,8,2,0,2,0,,11,3,1,2,0,,8,8,,12,2,
050709,DESERT VALLEY HOSPITAL,16850 BEAR VALLEY RD,VICTORVILLE,CA,92395,SAN BERNARDINO,(760) 241-8000,Acute Care Hospitals,Proprietary,Yes,Y,Y,3,,7,5,1,4,0,,8,6,1,5,0,,11,7,0,5,2,,8,8,,12,9,
050710,KAISER FOUNDATION HOSPITAL - FRESNO,7300 NORTH FRESNO ST,FRESNO,CA,93720,FRESNO,(559) 448-4500,Acute Care Hospitals,Voluntary non-profit - Private,Yes,Y,Y,3,17,7,NA,NA,NA,NA,5,8,6,1,5,0,,11,1,0,1,0,,8,8,,12,4,
050714,SUTTER MATERNITY & SURGERY CENTER OF SANTA CRUZ,2900 CHANTICLEER AVENUE,SANTA CRUZ,CA,95065,SANTA CRUZ,(831) 477-2200,Acute Care Hospitals,Voluntary non-profit - Private,No,Y,Y,NA,16,7,NA,NA,NA,NA,5,8,2,0,2,0,,11,4,0,4,0,,8,8,,12,4,
050717,LAC/RANCHO LOS AMIGOS NATIONAL REHABILITATION  CTR,7601 EAST IMPERIAL HIGHWAY,DOWNEY,CA,90242,LOS ANGELES,(562) 401-7022,Acute Care Hospitals,Government - Local,No,Y,,4,,7,NA,NA,NA,NA,5,8,5,0,5,0,,11,2,0,2,0,,8,8,,12,3,
050723,KAISER FOUNDATION HOSPITAL - BALDWIN PARK,1011 BALDWIN PARK BLVD,BALDWIN PARK,CA,91706,LOS ANGELES,(626) 851-1011,Acute Care Hospitals,Voluntary non-profit - Other,No,Y,Y,4,17,7,NA,NA,NA,NA,5,8,6,1,5,0,,11,1,0,1,0,,8,8,,12,4,
050724,BAKERSFIELD HEART HOSPITAL,3001 SILLECT AVENUE,BAKERSFIELD,CA,93308,KERN,(661) 316-6000,Acute Care Hospitals,Proprietary,Yes,Y,,3,,7,6,0,6,0,,8,5,0,4,1,,11,8,1,7,0,,8,8,,12,6,
050726,STANISLAUS SURGICAL HOSPITAL,1421 OAKDALE ROAD,MODESTO,CA,95355,STANISLAUS,(209) 572-2700,Acute Care Hospitals,Voluntary non-profit - Private,No,Y,,NA,16,7,NA,NA,NA,NA,5,8,2,0,2,0,,11,4,0,4,0,,8,8,,12,3,
050735,WHITTIER HOSPITAL MEDICAL CENTER,9080 COLIMA RD,WHITTIER,CA,90605,LOS ANGELES,(562) 945-3561,Acute Care Hospitals,Proprietary,Yes,Y,Y,5,,7,4,0,4,0,,8,4,1,3,0,,11,5,0,5,0,,8,8,,12,8,
050736,MONTEREY PARK HOSPITAL,900 S ATLANTIC BLVD,MONTEREY PARK,CA,91754,LOS ANGELES,(626) 570-9000,Acute Care Hospitals,Proprietary,No,Y,,2,,7,2,0,2,0,,8,4,0,3,1,,11,4,0,3,1,,8,8,,12,5,
050737,GARFIELD MEDICAL CENTER,525 N GARFIELD AVE,MONTEREY PARK,CA,91754,LOS ANGELES,(626) 573-2222,Acute Care Hospitals,Proprietary,Yes,Y,Y,2,,7,6,1,4,1,,8,6,1,5,0,,11,7,0,4,3,,8,8,,12,7,
050738,GREATER EL MONTE COMMUNITY HOSPITAL,1701 SANTA ANITA AVE,SOUTH EL MONTE,CA,91733,LOS ANGELES,(626) 350-7975,Acute Care Hospitals,Voluntary non-profit - Private,No,,Y,5,,7,1,0,1,0,,8,4,2,2,0,,11,3,0,3,0,,8,8,,12,6,
050739,CENTINELA HOSPITAL MEDICAL CENTER,555 EAST HARDY STREET,INGLEWOOD,CA,90301,LOS ANGELES,(310) 673-4660,Acute Care Hospitals,Proprietary,No,Y,Y,4,,7,6,3,3,0,,8,6,3,3,0,,11,5,0,4,1,,8,8,,12,8,
050740,CEDAR-SINAI MARINA DEL REY HOSPITAL,4650 LINCOLN BLVD,MARINA DEL REY,CA,90291,LOS ANGELES,(310) 823-8911,Acute Care Hospitals,Proprietary,Yes,Y,,3,,7,4,1,3,0,,8,6,0,6,0,,11,6,0,5,1,,8,8,,12,7,
050742,OLYMPIA MEDICAL CENTER,5900 WEST OLYMPIC BOULEVARD,LOS ANGELES,CA,90036,LOS ANGELES,(310) 657-5900,Acute Care Hospitals,Proprietary,No,,,NA,16,7,4,1,3,0,,8,1,0,1,0,,11,5,0,3,2,,8,NA,5,12,1,
050744,ANAHEIM GLOBAL MEDICAL CENTER,1025 S ANAHEIM BLVD,ANAHEIM,CA,92805,ORANGE,(714) 533-6220,Acute Care Hospitals,Proprietary,No,,,1,,7,1,0,1,0,,8,4,0,4,0,,11,2,0,1,1,,8,8,,12,6,
050745,CHAPMAN GLOBAL MEDICAL CENTER,2601 E CHAPMAN AVE,ORANGE,CA,92869,ORANGE,(714) 633-0011,Acute Care Hospitals,Proprietary,No,,,2,,7,1,0,1,0,,8,4,0,4,0,,11,3,0,2,1,,8,8,,12,5,
050746,ORANGE COUNTY GLOBAL MEDICAL CENTER,1001 NORTH TUSTIN AVENUE,SANTA ANA,CA,92705,ORANGE,(714) 953-3610,Acute Care Hospitals,Proprietary,Yes,,Y,3,,7,4,0,4,0,,8,6,0,6,0,,11,4,0,4,0,,8,8,,12,7,
050747,COASTAL COMMUNITIES HOSPITAL,2701 S BRISTOL ST,SANTA ANA,CA,92704,ORANGE,(714) 754-5454,Acute Care Hospitals,Proprietary,Yes,,Y,2,,7,1,0,1,0,,8,3,0,3,0,,11,2,0,1,1,,8,8,,12,6,
050748,KAISER FOUNDATION HOSPITAL MANTECA,1777 WEST YOSEMITE AVE,MANTECA,CA,95337,SAN JOAQUIN,(209) 825-3700,Acute Care Hospitals,Voluntary non-profit - Private,Yes,Y,Y,3,17,7,NA,NA,NA,NA,5,8,6,1,5,0,,11,1,0,1,0,,8,8,,12,4,
050755,SHERMAN OAKS HOSPITAL,4929 VAN NUYS BLVD,SHERMAN OAKS,CA,91403,LOS ANGELES,(818) 981-7111,Acute Care Hospitals,Voluntary non-profit - Private,Yes,Y,,4,,7,6,2,4,0,,8,4,0,4,0,,11,6,0,4,2,,8,8,,12,6,
050757,ALVARADO HOSPITAL MEDICAL CENTER,6655 ALVARADO ROAD,SAN DIEGO,CA,92120,SAN DIEGO,(619) 229-3172,Acute Care Hospitals,Proprietary,Yes,Y,,2,,7,5,0,5,0,,8,6,0,5,1,,11,8,0,8,0,,8,8,,12,7,
050758,MONTCLAIR HOSPITAL MEDICAL CENTER,5000 SAN BERNARDINO ST,MONTCLAIR,CA,91763,SAN BERNARDINO,(909) 625-8300,Acute Care Hospitals,Voluntary non-profit - Private,Yes,Y,Y,3,,7,1,0,1,0,,8,3,0,3,0,,11,2,0,2,0,,8,8,,12,8,
050760,KAISER FOUNDATION HOSPITAL - ANTIOCH,4501 SAND CREEK ROAD,ANTIOCH,CA,94531,CONTRA COSTA,(925) 813-6500,Acute Care Hospitals,Voluntary non-profit - Private,Yes,Y,Y,3,17,7,1,0,1,0,,8,6,0,6,0,,11,1,0,1,0,,8,8,,12,4,
050761,PROVIDENCE CEDARS SINAI TARZANA MEDICAL CENTER,18321 CLARK STREET,TARZANA,CA,91356,LOS ANGELES,(818) 881-0800,Acute Care Hospitals,Voluntary non-profit - Private,Yes,Y,Y,3,,7,7,0,7,0,,8,8,1,7,0,,11,10,0,8,2,,8,8,,12,9,
050763,L A DOWNTOWN MEDICAL CENTER,1711 WEST TEMPLE STREET,LOS ANGELES,CA,90026,LOS ANGELES,(213) 989-6123,Acute Care Hospitals,Proprietary,No,,,4,,7,3,1,2,0,,8,4,1,3,0,,11,5,0,2,3,,8,NA,5,12,4,
050764,SHASTA REGIONAL MEDICAL CENTER,1100 BUTTE ST,REDDING,CA,96001,SHASTA,(530) 244-5454,Acute Care Hospitals,Proprietary,Yes,Y,,1,,7,7,0,7,0,,8,7,2,3,2,,11,9,3,5,1,,8,8,,12,6,
050765,KAISER FOUNDATION HOSPITAL-MORENO VALLEY,27300 IRIS AVENUE,MORENO VALLEY,CA,92555,RIVERSIDE,(951) 251-6000,Acute Care Hospitals,Voluntary non-profit - Other,Yes,Y,Y,3,17,7,NA,NA,NA,NA,5,8,6,0,6,0,,11,1,0,1,0,,8,8,,12,4,
050766,SUTTER SURGICAL HOSPITAL - NORTH VALLEY,455 PLUMAS BLVD,YUBA CITY,CA,95991,SUTTER,(530) 749-5700,Acute Care Hospitals,Physician,No,Y,,NA,16,7,NA,NA,NA,NA,5,8,2,0,2,0,,11,3,0,3,0,,8,NA,5,12,2,
050767,KAISER FOUNDATION HOSPITAL - VACAVILLE,1 QUALITY DRIVE,VACAVILLE,CA,95688,SOLANO,(707) 624-4000,Acute Care Hospitals,Voluntary non-profit - Private,Yes,Y,Y,3,17,7,NA,NA,NA,NA,5,8,6,0,5,1,,11,1,0,1,0,,8,8,,12,4,
050769,HOAG ORTHOPEDIC INSTITUTE,16250 SAND CANYON AVENUE,IRVINE,CA,92618,ORANGE,(949) 727-5000,Acute Care Hospitals,Proprietary,No,Y,,NA,16,7,NA,NA,NA,NA,5,8,2,1,1,0,,11,3,1,2,0,,8,8,,12,2,
050770,LOMA LINDA UNIVERSITY MEDICAL CENTER-MURRIETA,28062 BAXTER ROAD,MURRIETA,CA,92563,RIVERSIDE,(951) 290-4000,Acute Care Hospitals,Voluntary non-profit - Private,Yes,Y,Y,1,,7,7,0,7,0,,8,7,0,7,0,,11,9,0,8,1,,8,8,,12,8,
050771,COAST PLAZA HOSPITAL,13100 STUDERBAKER ROAD,NORWALK,CA,90650,LOS ANGELES,(562) 868-3751,Acute Care Hospitals,Proprietary,Yes,,,3,,7,3,0,3,0,,8,4,0,4,0,,11,4,0,3,1,,8,8,,12,7,
050772,KAISER FOUNDATION HOSPITAL - ROSEVILLE,1600 EUREKA ROAD,ROSEVILLE,CA,95661,PLACER,(916) 784-4000,Acute Care Hospitals,Voluntary non-profit - Private,Yes,Y,Y,3,17,7,NA,NA,NA,NA,5,8,6,1,5,0,,11,1,0,1,0,,8,8,,12,4,
050775,TEMECULA VALLEY HOSPITAL,31700 TEMECULA PKWY,TEMECULA,CA,92592,RIVERSIDE,(951) 331-2200,Acute Care Hospitals,Proprietary,Yes,Y,,3,,7,7,0,7,0,,8,7,1,6,0,,11,8,0,8,0,,8,8,,12,6,
050776,COLLEGE MEDICAL CENTER,2776 PACIFIC AVENUE,LONG BEACH,CA,90806,LOS ANGELES,(562) 595-1911,Acute Care Hospitals,Proprietary,Yes,,,2,,7,3,0,3,0,,8,5,1,4,0,,11,5,0,4,1,,8,8,,12,6,
050777,KAISER FOUNDATION HOSPITAL - SAN LEANDRO,2500 MERCED STREET,SAN LEANDRO,CA,94577,ALAMEDA,(510) 454-1000,Acute Care Hospitals,Voluntary non-profit - Private,Yes,Y,Y,3,17,7,NA,NA,NA,NA,5,8,6,1,5,0,,11,1,0,1,0,,8,8,,12,4,
050778,LOMA LINDA UNIVERSITY CHILDREN'S HOSPITAL,11234 ANDERSON STREET SUITE A,LOMA LINDA,CA,92354,SAN BERNARDINO,(909) 558-8000,Acute Care Hospitals,Voluntary non-profit - Church,No,Y,Y,3,,7,NA,NA,NA,NA,5,8,4,3,1,0,,11,NA,NA,NA,NA,5,8,8,,12,5,
050779,"MARTIN LUTHER KING, JR. COMMUNITY HOSPITAL",1680 EAST 120TH STREET,LOS ANGELES,CA,90059,LOS ANGELES,(424) 835-6808,Acute Care Hospitals,Voluntary non-profit - Private,Yes,Y,Y,5,,7,3,0,3,0,,8,4,1,3,0,,11,4,0,3,1,,8,8,,12,8,
050780,FOOTHILL REGIONAL MEDICAL CENTER,14662 NEWPORT AVE,TUSTIN,CA,92780,ORANGE,(714) 619-7700,Acute Care Hospitals,Proprietary,No,Y,,NA,16,7,1,1,0,0,,8,2,0,2,0,,11,4,0,4,0,,8,8,,12,6,
050782,CASA COLINA HOSPITAL,255 E BONITA AVE,POMONA,CA,91767,LOS ANGELES,(909) 596-7733,Acute Care Hospitals,Voluntary non-profit - Private,No,,,5,,7,2,0,2,0,,8,3,0,3,0,,11,6,0,6,0,,8,8,,12,4,
050783,COLUSA MEDICAL CENTER,199 E WEBSTER STREET,COLUSA,CA,95932,COLUSA,(530) 619-0800,Acute Care Hospitals,Proprietary,Yes,Y,,4,,7,3,0,3,0,,8,1,0,1,0,,11,4,0,4,0,,8,NA,5,12,6,
050784,ADVENTIST HEALTH TULARE,869 NORTH CHERRY STREET,TULARE,CA,93274,TULARE,(559) 688-0821,Acute Care Hospitals,Voluntary non-profit - Private,Yes,,Y,NA,16,7,2,0,2,0,,8,2,0,2,0,,11,4,0,4,0,,8,8,,12,7,
050785,DOCS SURGICAL HOSPITAL,6000 SAN VICENTE BLVD,LOS ANGELES,CA,90036,LOS ANGELES,(323) 930-1040,Acute Care Hospitals,Physician,No,,,NA,16,7,NA,NA,NA,NA,5,8,2,0,2,0,,11,2,0,2,0,,8,8,,12,2,
05114F,VA SAN DIEGO HEALTHCARE SYSTEM,3350 LA JOLLA VILLAGE DRIVE,SAN DIEGO,CA,92161,SAN DIEGO,(858) 552-8585,Acute Care - Veterans Administration,Veterans Health Administration,Yes,,,5,,7,5,2,3,0,,8,4,0,4,0,,11,6,0,6,0,,8,8,,12,6,
05127F,LOMA LINDA VA MEDICAL CENTER,11201 BENTON STREET,LOMA LINDA,CA,92357,SAN BERNARDINO,(909) 825-7084,Acute Care - Veterans Administration,Veterans Health Administration,Yes,,,4,,7,5,0,5,0,,8,4,0,4,0,,11,6,0,6,0,,8,8,,12,6,
05128F,VA GREATER LOS ANGELES HEALTHCARE SYSTEM,11301 WILSHIRE BLVD.,LOS ANGELES,CA,90073,LOS ANGELES,(310) 478-3711,Acute Care - Veterans Administration,Veterans Health Administration,Yes,,,5,,7,5,2,3,0,,8,4,0,4,0,,11,6,0,3,3,,8,8,,12,6,
051300,EASTERN PLUMAS HOSPITAL - PORTOLA CAMPUS,500 FIRST AVENUE,PORTOLA,CA,96122,PLUMAS,(530) 832-6500,Critical Access Hospitals,Government - Hospital District or Authority,Yes,,,NA,16,7,1,0,1,0,,8,NA,NA,NA,NA,5,11,2,0,2,0,,8,NA,5,12,2,
051301,ADVENTIST HEALTH TEHACHAPI VALLEY,1100 MAGELLAN,TEHACHAPI,CA,93561,KERN,(661) 868-6800,Critical Access Hospitals,Government - Hospital District or Authority,Yes,Y,,NA,16,7,2,0,2,0,,8,2,0,2,0,,11,4,0,4,0,,8,8,,12,6,
051302,SOUTHERN INYO HOSPITAL,501 EAST LOCUST STREET,LONE PINE,CA,93545,INYO,(760) 876-5501,Critical Access Hospitals,Government - Hospital District or Authority,Yes,,,NA,16,7,NA,NA,NA,NA,5,8,NA,NA,NA,NA,5,11,NA,NA,NA,NA,5,8,NA,5,12,2,
051303,MAMMOTH HOSPITAL,85 SIERRA PARK ROAD PO BOX 660,MAMMOTH LAKES,CA,93546,MONO,(760) 934-3311,Critical Access Hospitals,Government - Hospital District or Authority,Yes,Y,,NA,16,7,NA,NA,NA,NA,5,8,1,0,1,0,,11,2,0,2,0,,8,8,,12,4,
051304,JOHN C FREMONT HEALTHCARE DISTRICT,5189 HOSPITAL ROAD,MARIPOSA,CA,95338,MARIPOSA,(209) 966-3631,Critical Access Hospitals,Government - Hospital District or Authority,Yes,,,3,,7,3,0,3,0,,8,NA,NA,NA,NA,5,11,4,0,4,0,,8,NA,5,12,3,
051305,MAYERS MEMORIAL HOSPITAL,43563 HWY 299 EAST,FALL RIVER MILLS,CA,96028,SHASTA,(530) 336-5511,Critical Access Hospitals,Voluntary non-profit - Other,Yes,,,NA,16,7,1,0,1,0,,8,NA,NA,NA,NA,5,11,2,1,1,0,,8,NA,5,12,2,
051306,GLENN MEDICAL CENTER,1133 W SYCAMORE ST,WILLOWS,CA,95988,GLENN,(530) 934-1818,Critical Access Hospitals,Government - Federal,Yes,Y,,NA,16,7,NA,NA,NA,NA,5,8,2,0,2,0,,11,1,0,1,0,,8,NA,5,12,4,
051307,CATALINA ISLAND MEDICAL CENTER,100 FALLS CANYON ROAD,AVALON,CA,90704,LOS ANGELES,(310) 510-0700,Critical Access Hospitals,Voluntary non-profit - Private,Yes,,,NA,16,7,NA,NA,NA,NA,5,8,NA,NA,NA,NA,5,11,NA,NA,NA,NA,5,8,NA,5,12,1,
051308,SURPRISE VALLEY COMMUNITY HOSPITAL,741 NORTH MAIN STREET,CEDARVILLE,CA,96104,MODOC,(530) 279-6111,Critical Access Hospitals,Government - Hospital District or Authority,Yes,,,NA,16,7,NA,NA,NA,NA,5,8,NA,NA,NA,NA,5,11,NA,NA,NA,NA,5,8,NA,5,12,1,
051309,JEROLD PHELPS COMMUNITY HOSPITAL,733 CEDAR ST,GARBERVILLE,CA,95542,HUMBOLDT,(707) 923-3921,Critical Access Hospitals,Government - Hospital District or Authority,Yes,,,NA,16,7,NA,NA,NA,NA,5,8,NA,NA,NA,NA,5,11,NA,NA,NA,NA,5,8,NA,5,12,NA,5
05130F,SAN FRANCISCO VA MEDICAL CENTER,4150 CLEMENT STREET,SAN FRANCISCO,CA,94121,SAN FRANCISCO,(415) 221-4810,Acute Care - Veterans Administration,Veterans Health Administration,Yes,,,4,,7,5,1,4,0,,8,4,0,4,0,,11,6,0,3,3,,8,8,,12,5,
051310,ADVENTIST HEALTH HOWARD MEMORIAL,1 MARCELA DR,WILLITS,CA,95490,MENDOCINO,(707) 456-3031,Critical Access Hospitals,Voluntary non-profit - Church,Yes,Y,,4,,7,4,0,4,0,,8,3,0,3,0,,11,7,0,7,0,,8,8,,12,6,
051311,ORCHARD HOSPITAL,240 SPRUCE STREET,GRIDLEY,CA,95948,BUTTE,(530) 846-5671,Critical Access Hospitals,Voluntary non-profit - Private,Yes,Y,,NA,16,7,1,0,1,0,,8,NA,NA,NA,NA,5,11,4,0,4,0,,8,NA,5,12,4,
051312,MOUNTAINS COMMUNITY HOSPITAL,29101 HOSPITAL ROAD,LAKE ARROWHEAD,CA,92352,SAN BERNARDINO,(909) 336-3651,Critical Access Hospitals,Government - Hospital District or Authority,Yes,,,NA,16,7,NA,NA,NA,NA,5,8,NA,NA,NA,NA,5,11,1,0,1,0,,8,NA,5,12,3,
051314,KERN VALLEY HEALTHCARE DISTRICT,6412 LAUREL AVE,LAKE ISABELLA,CA,93240,KERN,(760) 379-2681,Critical Access Hospitals,Government - Hospital District or Authority,Yes,Y,,NA,16,7,1,0,1,0,,8,1,0,1,0,,11,3,0,3,0,,8,NA,5,12,3,
051315,TRINITY HOSPITAL,60 EASTER AVENUE,WEAVERVILLE,CA,96093,TRINITY,(530) 623-5541,Critical Access Hospitals,Government - Hospital District or Authority,Yes,Y,,NA,16,7,NA,NA,NA,NA,5,8,NA,NA,NA,NA,5,11,3,0,3,0,,8,NA,5,12,2,
051316,FAIRCHILD MEDICAL CENTER,444 BRUCE STREET,YREKA,CA,96097,SISKIYOU,(530) 842-4121,Critical Access Hospitals,Voluntary non-profit - Other,Yes,,,1,,7,4,0,4,0,,8,3,0,3,0,,11,7,0,7,0,,8,8,,12,7,
051317,ADVENTIST HEALTH CLEARLAKE,15630 18TH AVE - HWY 53,CLEARLAKE,CA,95422,LAKE,(707) 994-6486,Critical Access Hospitals,Voluntary non-profit - Private,Yes,Y,,4,,7,3,0,3,0,,8,NA,NA,NA,NA,5,11,6,0,6,0,,8,8,,12,8,
051318,PROVIDENCE REDWOOD MEMORIAL HOSPITAL,3300 RENNER DRIVE,FORTUNA,CA,95540,HUMBOLDT,(707) 445-8121,Critical Access Hospitals,Voluntary non-profit - Private,Yes,Y,,NA,16,7,2,0,2,0,,8,1,0,1,0,,11,5,0,5,0,,8,8,,12,5,
051319,MERCY MEDICAL CENTER OF MT SHASTA,914 PINE STREET,MOUNT SHASTA,CA,96067,SISKIYOU,(530) 926-6111,Critical Access Hospitals,Voluntary non-profit - Other,Yes,Y,Y,3,,7,3,0,3,0,,8,1,0,1,0,,11,7,1,6,0,,8,8,,12,10,
051320,BANNER LASSEN MEDICAL CENTER,1800 SPRING RIDGE DRIVE,SUSANVILLE,CA,96130,LASSEN,(530) 252-2000,Critical Access Hospitals,Voluntary non-profit - Private,Yes,Y,Y,NA,16,7,2,0,2,0,,8,1,0,1,0,,11,4,1,3,0,,8,8,,12,8,
051321,HEALDSBURG HOSPITAL,1375 UNIVERSITY AVENUE,HEALDSBURG,CA,95448,SONOMA,(707) 431-6500,Critical Access Hospitals,Voluntary non-profit - Private,Yes,,,NA,16,7,2,0,2,0,,8,1,0,1,0,,11,4,1,3,0,,8,NA,5,12,2,
051323,COLORADO RIVER MEDICAL CENTER,1401 BAILEY AVE,NEEDLES,CA,92363,SAN BERNARDINO,(760) 326-7162,Critical Access Hospitals,Voluntary non-profit - Private,Yes,,,NA,16,7,NA,NA,NA,NA,5,8,NA,NA,NA,NA,5,11,2,0,2,0,,8,NA,5,12,3,
051324,NORTHERN INYO HOSPITAL,150 PIONEER LANE,BISHOP,CA,93514,INYO,(760) 873-5811,Critical Access Hospitals,Government - Hospital District or Authority,Yes,Y,,3,,7,3,0,3,0,,8,2,0,2,0,,11,6,1,4,1,,8,8,,12,9,
051325,MENDOCINO COAST DISTRICT HOSPITAL,700 RIVER DRIVE,FORT BRAGG,CA,95437,MENDOCINO,(707) 961-1234,Critical Access Hospitals,Government - Hospital District or Authority,Yes,,,2,,7,3,0,2,1,,8,2,0,2,0,,11,9,0,9,0,,8,8,,12,7,
051326,PLUMAS DISTRICT HOSPITAL,1065 BUCKS LAKE ROAD,QUINCY,CA,95971,PLUMAS,(530) 283-2121,Critical Access Hospitals,Government - Hospital District or Authority,Yes,Y,,NA,16,7,NA,NA,NA,NA,5,8,NA,NA,NA,NA,5,11,1,0,1,0,,8,NA,5,12,6,
051327,SENECA DISTRICT HOSPITAL,130 BRENTWOOD DRIVE,CHESTER,CA,96020,PLUMAS,(530) 258-2121,Critical Access Hospitals,Voluntary non-profit - Other,Yes,,,NA,16,7,NA,NA,NA,NA,5,8,NA,NA,NA,NA,5,11,1,0,1,0,,8,NA,5,12,3,
051328,TAHOE FOREST HOSPITAL,10121 PINE AVE,TRUCKEE,CA,96161,NEVADA,(530) 587-6011,Critical Access Hospitals,Government - Hospital District or Authority,Yes,Y,Y,3,,7,3,0,3,0,,8,2,0,2,0,,11,8,1,6,1,,8,8,,12,9,
051329,SUTTER LAKESIDE HOSPITAL,5176 HILL ROAD EAST,LAKEPORT,CA,95453,LAKE,(707) 262-5000,Critical Access Hospitals,Voluntary non-profit - Private,Yes,Y,Y,5,,7,4,0,4,0,,8,1,0,1,0,,11,6,2,4,0,,8,8,,12,11,
051330,MODOC MEDICAL CENTER,1111 N NAGLE STREET,ALTURAS,CA,96101,MODOC,(530) 233-5131,Critical Access Hospitals,Government - Hospital District or Authority,Yes,,,NA,16,7,1,0,1,0,,8,NA,NA,NA,NA,5,11,2,0,2,0,,8,NA,5,12,1,
051331,SANTA YNEZ VALLEY COTTAGE HOSPITAL,2050 VIBORG RD,SOLVANG,CA,93463,SANTA BARBARA,(805) 688-6431,Critical Access Hospitals,Voluntary non-profit - Private,Yes,Y,,NA,16,7,1,0,1,0,,8,NA,NA,NA,NA,5,11,3,0,3,0,,8,NA,5,12,8,
051332,MARK TWAIN MEDICAL CENTER,768 MOUNTAIN RANCH RD,SAN ANDREAS,CA,95249,CALAVERAS,(209) 754-2515,Critical Access Hospitals,Voluntary non-profit - Other,No,Y,,2,,7,4,0,4,0,,8,2,0,2,0,,11,8,0,7,1,,8,8,,12,9,
051333,RIDGECREST REGIONAL HOSPITAL,1081 NORTH CHINA LAKE BLVD,RIDGECREST,CA,93555,KERN,(760) 446-3551,Critical Access Hospitals,Voluntary non-profit - Private,Yes,Y,,NA,16,7,NA,NA,NA,NA,5,8,NA,NA,NA,NA,5,11,4,0,4,0,,8,NA,5,12,5,
051334,OJAI VALLEY COMMUNITY HOSPITAL,1306 MARICOPA HWY,OJAI,CA,93023,VENTURA,(805) 646-1401,Critical Access Hospitals,Voluntary non-profit - Private,Yes,Y,,NA,16,7,1,0,1,0,,8,NA,NA,NA,NA,5,11,1,0,1,0,,8,NA,5,12,4,
051335,BEAR VALLEY COMMUNITY HOSPITAL,41870 GARSTIN DR,BIG BEAR LAKE,CA,92315,SAN BERNARDINO,(909) 866-6501,Critical Access Hospitals,Government - Hospital District or Authority,Yes,Y,,NA,16,7,NA,NA,NA,NA,5,8,NA,NA,NA,NA,5,11,NA,NA,NA,NA,5,8,NA,5,12,3,
051336,SOUTHERN MONTEREY COUNTY MEMORIAL HOSPITAL,300 CANAL STREET,KING CITY,CA,93930,MONTEREY,(831) 385-6000,Critical Access Hospitals,Voluntary non-profit - Other,Yes,,,NA,16,7,NA,NA,NA,NA,5,8,NA,NA,NA,NA,5,11,1,0,1,0,,8,NA,5,12,5,
051337,HAZEL HAWKINS MEMORIAL HOSPITAL,911 SUNSET DRIVE,HOLLISTER,CA,95023,SAN BENITO,(831) 637-5711,Critical Access Hospitals,Government - Hospital District or Authority,Yes,,,NA,16,7,NA,NA,NA,NA,5,8,NA,NA,NA,NA,5,11,2,0,2,0,,8,NA,5,12,3,
053300,VALLEY CHILDREN'S HOSPITAL,9300 VALLEY CHILDRENS PLACE,MADERA,CA,93636,MADERA,(559) 353-5116,Childrens,Voluntary non-profit - Private,Yes,,,NA,19,NA,NA,NA,NA,NA,19,NA,NA,NA,NA,NA,19,NA,NA,NA,NA,NA,19,NA,NA,19,NA,NA,19
053301,UCSF BENIOFF CHILDREN'S HOSPITAL OAKLAND,747 52ND STREET,OAKLAND,CA,94609,ALAMEDA,(510) 428-3000,Childrens,Voluntary non-profit - Private,Yes,,,NA,19,NA,NA,NA,NA,NA,19,NA,NA,NA,NA,NA,19,NA,NA,NA,NA,NA,19,NA,NA,19,NA,NA,19
053302,CHILDREN'S HOSP OF LOS ANGELES,"4650 SUNSET BLVD, MS 108",LOS ANGELES,CA,90027,LOS ANGELES,(323) 669-2164,Childrens,Voluntary non-profit - Private,Yes,,,NA,19,NA,NA,NA,NA,NA,19,NA,NA,NA,NA,NA,19,NA,NA,NA,NA,NA,19,NA,NA,19,NA,NA,19
053303,RADY CHILDREN'S HOSPITAL - SAN DIEGO,3020 CHILDRENS WAY,SAN DIEGO,CA,92123,SAN DIEGO,(858) 576-1700,Childrens,Voluntary non-profit - Other,No,,,NA,19,NA,NA,NA,NA,NA,19,NA,NA,NA,NA,NA,19,NA,NA,NA,NA,NA,19,NA,NA,19,NA,NA,19
053304,CHILDREN'S HOSPITAL OF ORANGE COUNTY,1201 W LA VETA AVE,ORANGE,CA,92868,ORANGE,(714) 997-3000,Childrens,Voluntary non-profit - Other,No,,,NA,19,NA,NA,NA,NA,NA,19,NA,NA,NA,NA,NA,19,NA,NA,NA,NA,NA,19,NA,NA,19,NA,NA,19
053305,LUCILE SALTER PACKARD CHILDREN'S HSP AT STANFORD,725 WELCH ROAD,PALO ALTO,CA,94304,SANTA CLARA,(650) 497-8000,Childrens,Voluntary non-profit - Private,No,,,NA,19,NA,NA,NA,NA,NA,19,NA,NA,NA,NA,NA,19,NA,NA,NA,NA,NA,19,NA,NA,19,NA,NA,19
053306,CHILDREN'S HOSPITAL AT MISSION,"27700 MEDICAL CENTER RD, 5TH FLOOR",MISSION VIEJO,CA,92691,ORANGE,(949) 365-2408,Childrens,Voluntary non-profit - Private,Yes,,,NA,19,NA,NA,NA,NA,NA,19,NA,NA,NA,NA,NA,19,NA,NA,NA,NA,NA,19,NA,NA,19,NA,NA,19
053308,HEALTHBRIDGE CHILDREN'S HOSPITAL - ORANGE,393 S TUSTIN STREET,ORANGE,CA,92866,ORANGE,(714) 289-2400,Childrens,Proprietary,No,,,NA,19,NA,NA,NA,NA,NA,19,NA,NA,NA,NA,NA,19,NA,NA,NA,NA,NA,19,NA,NA,19,NA,NA,19
053309,MEMORIAL CARE MILLER CHILDREN'S &  WOMEN'S HOSP LB,2801 ATLANTIC AVENUE,LONG BEACH,CA,90806,LOS ANGELES,(562) 933-8001,Childrens,Voluntary non-profit - Other,No,,,NA,19,NA,NA,NA,NA,NA,19,NA,NA,NA,NA,NA,19,NA,NA,NA,NA,NA,19,NA,NA,19,NA,NA,19
053311,SHRINERS HOSPITALS FOR CHILDREN NORTHERN CALIF,2425 STOCKTON BOULEVARD,SACRAMENTO,CA,95817,SACRAMENTO,(916) 453-2000,Childrens,Voluntary non-profit - Private,No,,,NA,19,NA,NA,NA,NA,NA,19,NA,NA,NA,NA,NA,19,NA,NA,NA,NA,NA,19,NA,NA,19,NA,NA,19
054009,RESNICK NEUROPSYCHIATRIC HOSPITAL AT UCLA,150 MEDICAL PLAZA-RM-4230C,LOS ANGELES,CA,90095,LOS ANGELES,(310) 825-6962,Psychiatric,Government - State,Yes,,,NA,19,NA,NA,NA,NA,NA,19,NA,NA,NA,NA,NA,19,NA,NA,NA,NA,NA,19,NA,NA,19,NA,NA,19
054028,GATEWAYS HOSP  MENTAL HEALTH CTR,1891 EFFIE ST,LOS ANGELES,CA,90026,LOS ANGELES,(213) 666-0171,Psychiatric,Proprietary,No,,,NA,19,NA,NA,NA,NA,NA,19,NA,NA,NA,NA,NA,19,NA,NA,NA,NA,NA,19,NA,NA,19,NA,NA,19
054032,BHC ALHAMBRA HOSPITAL,4619 N ROSEMEAD BLVD,ROSEMEAD,CA,91770,LOS ANGELES,(626) 286-1191,Psychiatric,Proprietary,No,,,NA,19,NA,NA,NA,NA,NA,19,NA,NA,NA,NA,NA,19,NA,NA,NA,NA,NA,19,NA,NA,19,NA,NA,19
054053,DEL AMO HOSPITAL,23700 CAMINO DEL SOL,TORRANCE,CA,90505,LOS ANGELES,(310) 530-1151,Psychiatric,Proprietary,Yes,,,NA,19,NA,NA,NA,NA,NA,19,NA,NA,NA,NA,NA,19,NA,NA,NA,NA,NA,19,NA,NA,19,NA,NA,19
054055,COLLEGE HOSPITAL,10802 COLLEGE PL,CERRITOS,CA,90703,LOS ANGELES,(562) 924-9581,Psychiatric,Proprietary,No,,,NA,19,NA,NA,NA,NA,NA,19,NA,NA,NA,NA,NA,19,NA,NA,NA,NA,NA,19,NA,NA,19,NA,NA,19
054069,AURORA CHARTER OAK,1161 E COVINA BLVD,COVINA,CA,91724,LOS ANGELES,(626) 966-1632,Psychiatric,Proprietary,No,,,NA,19,NA,NA,NA,NA,NA,19,NA,NA,NA,NA,NA,19,NA,NA,NA,NA,NA,19,NA,NA,19,NA,NA,19
054074,ADVENTIST HEALTH VALLEJO,525 OREGON ST,VALLEJO,CA,94590,SOLANO,(707) 648-2200,Psychiatric,Voluntary non-profit - Private,No,,,NA,19,NA,NA,NA,NA,NA,19,NA,NA,NA,NA,NA,19,NA,NA,NA,NA,NA,19,NA,NA,19,NA,NA,19
054075,ALVARADO PARKWAY INSTITUTE BEHAVIORAL HEALTH SYSTE,7050 PARKWAY DRIVE,LA MESA,CA,91942,SAN DIEGO,(619) 465-4411,Psychiatric,Voluntary non-profit - Private,No,,,NA,19,NA,NA,NA,NA,NA,19,NA,NA,NA,NA,NA,19,NA,NA,NA,NA,NA,19,NA,NA,19,NA,NA,19
054077,AURORA VISTA DEL MAR HOSPITAL,801 SENECA ST,VENTURA,CA,93001,VENTURA,(805) 653-6434,Psychiatric,Proprietary,No,,,NA,19,NA,NA,NA,NA,NA,19,NA,NA,NA,NA,NA,19,NA,NA,NA,NA,NA,19,NA,NA,19,NA,NA,19
054078,AURORA LAS ENCINAS,2900 E DEL MAR BLVD,PASADENA,CA,91107,LOS ANGELES,(866) 279-3709,Psychiatric,Proprietary,No,,,NA,19,NA,NA,NA,NA,NA,19,NA,NA,NA,NA,NA,19,NA,NA,NA,NA,NA,19,NA,NA,19,NA,NA,19
054087,"BHC SIERRA VISTA HOSPITAL, INC",8001 BRUCEVILLE ROAD,SACRAMENTO,CA,95823,SACRAMENTO,(916) 423-2000,Psychiatric,Proprietary,No,,,NA,19,NA,NA,NA,NA,NA,19,NA,NA,NA,NA,NA,19,NA,NA,NA,NA,NA,19,NA,NA,19,NA,NA,19
054089,JEWISH HOME & REHAB CENTER,302  SILVER AVENUE,SAN FRANCISCO,CA,94112,SAN FRANCISCO,(415) 334-2500,Psychiatric,Voluntary non-profit - Private,No,,,NA,19,NA,NA,NA,NA,NA,19,NA,NA,NA,NA,NA,19,NA,NA,NA,NA,NA,19,NA,NA,19,NA,NA,19
054093,LOMA LINDA UNIVERSITY BEHAVIORAL MED CTR,1710 BARTON ROAD,REDLANDS,CA,92373,SAN BERNARDINO,(909) 558-9200,Psychiatric,Voluntary non-profit - Private,No,,,NA,19,NA,NA,NA,NA,NA,19,NA,NA,NA,NA,NA,19,NA,NA,NA,NA,NA,19,NA,NA,19,NA,NA,19
054095,AURORA SAN DIEGO,11878 AVENUE OF INDUSTRY,SAN DIEGO,CA,92128,SAN DIEGO,(858) 487-3200,Psychiatric,Proprietary,No,,,NA,19,NA,NA,NA,NA,NA,19,NA,NA,NA,NA,NA,19,NA,NA,NA,NA,NA,19,NA,NA,19,NA,NA,19
054096,SUTTER CENTER FOR PSYCHIATRY,7700 FOLSOM BLVD,SACRAMENTO,CA,95826,SACRAMENTO,(916) 386-3000,Psychiatric,Voluntary non-profit - Private,No,,,NA,19,NA,NA,NA,NA,NA,19,NA,NA,NA,NA,NA,19,NA,NA,NA,NA,NA,19,NA,NA,19,NA,NA,19
054104,HERITAGE OAKS HOSPITAL,4250 AUBURN BLVD,SACRAMENTO,CA,95841,SACRAMENTO,(916) 489-3336,Psychiatric,Proprietary,Yes,,,NA,19,NA,NA,NA,NA,NA,19,NA,NA,NA,NA,NA,19,NA,NA,NA,NA,NA,19,NA,NA,19,NA,NA,19
054110,BHC FREMONT HOSPITAL INC,39001 SUNDALE DRIVE,FREMONT,CA,94538,ALAMEDA,(510) 796-1100,Psychiatric,Proprietary,No,,,NA,19,NA,NA,NA,NA,NA,19,NA,NA,NA,NA,NA,19,NA,NA,NA,NA,NA,19,NA,NA,19,NA,NA,19
054111,CANYON RIDGE HOSPITAL,5353 G STREET,CHINO,CA,91710,SAN BERNARDINO,(909) 590-3700,Psychiatric,Proprietary,No,,,NA,19,NA,NA,NA,NA,NA,19,NA,NA,NA,NA,NA,19,NA,NA,NA,NA,NA,19,NA,NA,19,NA,NA,19
054122,DEPT OF STATE HOSPITALS - NAPA,2100 NAPA VALLEJO HIGHWAY,NAPA,CA,94558,NAPA,(707) 253-5000,Psychiatric,Government - State,No,,,NA,19,NA,NA,NA,NA,NA,19,NA,NA,NA,NA,NA,19,NA,NA,NA,NA,NA,19,NA,NA,19,NA,NA,19
054123,ST JOSEPH'S BEHAVIORAL HEALTH CENTER,2510 N  CALIFORNIA ST,STOCKTON,CA,95204,SAN JOAQUIN,(209) 461-2000,Psychiatric,Voluntary non-profit - Private,No,,,NA,19,NA,NA,NA,NA,NA,19,NA,NA,NA,NA,NA,19,NA,NA,NA,NA,NA,19,NA,NA,19,NA,NA,19
054124,SEMPERVIRENS,720 WOOD ST,EUREKA,CA,95501,HUMBOLDT,(707) 268-2990,Psychiatric,Government - Local,No,,,NA,19,NA,NA,NA,NA,NA,19,NA,NA,NA,NA,NA,19,NA,NA,NA,NA,NA,19,NA,NA,19,NA,NA,19
054125,SANTA BARBARA COUNTY PSYCHIATRIC HEALTH FACILITY,315 CAMINO DEL REMEDIO,SANTA BARBARA,CA,93110,SANTA BARBARA,(805) 681-5244,Psychiatric,Government - Local,No,,,NA,19,NA,NA,NA,NA,NA,19,NA,NA,NA,NA,NA,19,NA,NA,NA,NA,NA,19,NA,NA,19,NA,NA,19
054130,PACIFIC GROVE HOSPITAL,5900 BROCKTON AVE,RIVERSIDE,CA,92506,RIVERSIDE,(951) 275-8400,Psychiatric,Proprietary,No,,,NA,19,NA,NA,NA,NA,NA,19,NA,NA,NA,NA,NA,19,NA,NA,NA,NA,NA,19,NA,NA,19,NA,NA,19
054131,JOHN MUIR BEHAVIORAL HEALTH CENTER,2740 GRANT STREET,CONCORD,CA,94524,CONTRA COSTA,(925) 674-4101,Psychiatric,Voluntary non-profit - Private,Yes,,,NA,19,NA,NA,NA,NA,NA,19,NA,NA,NA,NA,NA,19,NA,NA,NA,NA,NA,19,NA,NA,19,NA,NA,19
054133,DEPT OF STATE HOSPITALS - METROPOLITAN - PSY,11401 S NORWALK BLVD,NORWALK,CA,90650,LOS ANGELES,(562) 863-7011,Psychiatric,Government - State,Yes,,,NA,19,NA,NA,NA,NA,NA,19,NA,NA,NA,NA,NA,19,NA,NA,NA,NA,NA,19,NA,NA,19,NA,NA,19
054135,NEWPORT BAY HOSPITAL,1501 E 16TH ST,NEWPORT BEACH,CA,92663,ORANGE,(949) 650-9750,Psychiatric,Proprietary,No,,,NA,19,NA,NA,NA,NA,NA,19,NA,NA,NA,NA,NA,19,NA,NA,NA,NA,NA,19,NA,NA,19,NA,NA,19
054144,UCSF LANGLEY PORTER PSYCHIATRIC HOSPITAL AND CLINICS,401 PARNASSUS AVENUE,SAN FRANCISCO,CA,94143,SAN FRANCISCO,(415) 476-7000,Psychiatric,Government - State,No,,,NA,19,NA,NA,NA,NA,NA,19,NA,NA,NA,NA,NA,19,NA,NA,NA,NA,NA,19,NA,NA,19,NA,NA,19
054145,SHARP MESA VISTA HOSPITAL,7850 VISTA HILL AVENUE,SAN DIEGO,CA,92123,SAN DIEGO,(858) 278-4110,Psychiatric,Voluntary non-profit - Private,No,,,NA,19,NA,NA,NA,NA,NA,19,NA,NA,NA,NA,NA,19,NA,NA,NA,NA,NA,19,NA,NA,19,NA,NA,19
054146,TELECARE HERITAGE PSYCHIATRIC HEALTH FACILITY,"2633 E 27TH STREET, BUILDING B",OAKLAND,CA,94601,ALAMEDA,(510) 535-5115,Psychiatric,Proprietary,No,,,NA,19,NA,NA,NA,NA,NA,19,NA,NA,NA,NA,NA,19,NA,NA,NA,NA,NA,19,NA,NA,19,NA,NA,19
054147,JOYCE EISENBERG KEEFER MEDICAL CENTER,7150 TAMPA AVENUE,RESEDA,CA,91335,LOS ANGELES,(818) 774-3314,Psychiatric,Voluntary non-profit - Private,No,,,NA,19,NA,NA,NA,NA,NA,19,NA,NA,NA,NA,NA,19,NA,NA,NA,NA,NA,19,NA,NA,19,NA,NA,19
054148,TARZANA TREATMENT CENTER,18646 OXNARD STREET,TARZANA,CA,91356,LOS ANGELES,(818) 996-1051,Psychiatric,Voluntary non-profit - Private,No,,,NA,19,NA,NA,NA,NA,NA,19,NA,NA,NA,NA,NA,19,NA,NA,NA,NA,NA,19,NA,NA,19,NA,NA,19
054149,WILLOW ROCK CENTER,2050 FAIRMONT DRIVE,SAN LEANDRO,CA,94578,ALAMEDA,(510) 895-5502,Psychiatric,Proprietary,No,,,NA,19,NA,NA,NA,NA,NA,19,NA,NA,NA,NA,NA,19,NA,NA,NA,NA,NA,19,NA,NA,19,NA,NA,19
054150,KAISER PERMANENTE PSYCHIATRIC HEALTH FACILITY-SANT,3840 HOMESTEAD ROAD,SANTA CLARA,CA,95051,SANTA CLARA,(408) 851-4850,Psychiatric,Proprietary,Yes,,,NA,19,NA,NA,NA,NA,NA,19,NA,NA,NA,NA,NA,19,NA,NA,NA,NA,NA,19,NA,NA,19,NA,NA,19
054151,"AURORA BEHAVIORAL HEALTHCARE-SANTA ROSA, LLC",1287 FULTON ROAD,SANTA ROSA,CA,95401,SONOMA,(707) 800-7700,Psychiatric,Proprietary,Yes,,,NA,19,NA,NA,NA,NA,NA,19,NA,NA,NA,NA,NA,19,NA,NA,NA,NA,NA,19,NA,NA,19,NA,NA,19
054152,SANTA CRUZ COUNTY PSYCHIATRIC HEALTH FACILITY,"2250 SOQUEL AVENUE, SUITE 150",SANTA CRUZ,CA,95062,SANTA CRUZ,(831) 600-2801,Psychiatric,Proprietary,No,,,NA,19,NA,NA,NA,NA,NA,19,NA,NA,NA,NA,NA,19,NA,NA,NA,NA,NA,19,NA,NA,19,NA,NA,19
054153,OCEAN VIEW PSYCHIATRIC HEALTH FACILITY,"2600 REDONDO AVENUE, SUITE 500",LONG BEACH,CA,90806,LOS ANGELES,(844) 562-1212,Psychiatric,Proprietary,No,,,NA,19,NA,NA,NA,NA,NA,19,NA,NA,NA,NA,NA,19,NA,NA,NA,NA,NA,19,NA,NA,19,NA,NA,19
054154,SAN JOSE BEHAVIORAL HEALTH,455 SILICON VALLEY BOULEVARD,SAN JOSE,CA,95138,SANTA CLARA,(669) 234-5959,Psychiatric,Proprietary,No,,,NA,19,NA,NA,NA,NA,NA,19,NA,NA,NA,NA,NA,19,NA,NA,NA,NA,NA,19,NA,NA,19,NA,NA,19
054155,"BAKERSFIELD BEHAVIORAL HEALTHCARE HOSPITAL, LLC",5201 WHITE LANE,BAKERSFIELD,CA,93309,KERN,(661) 398-1800,Psychiatric,Proprietary,No,,,NA,19,NA,NA,NA,NA,NA,19,NA,NA,NA,NA,NA,19,NA,NA,NA,NA,NA,19,NA,NA,19,NA,NA,19
054157,GLENDORA  HOSPITAL,150 WEST ROUTE 66,GLENDORA,CA,91740,LOS ANGELES,(626) 852-5050,Psychiatric,Voluntary non-profit - Private,No,,,NA,19,NA,NA,NA,NA,NA,19,NA,NA,NA,NA,NA,19,NA,NA,NA,NA,NA,19,NA,NA,19,NA,NA,19
