fiscal_year,facility_id,facility_name,address,city_town,state,zip_code,county_parish,hai_1_achievement_threshold,hai_1_benchmark,hai_1_baseline_rate,hai_1_performance_rate,hai_2_achievement_threshold,hai_2_benchmark,hai_2_baseline_rate,hai_2_performance_rate,hai_3_achievement_threshold,hai_3_benchmark,hai_3_baseline_rate,hai_3_performance_rate,hai_4_achievement_threshold,hai_4_benchmark,hai_4_baseline_rate,hai_4_performance_rate,hai_5_achievement_threshold,hai_5_benchmark,hai_5_baseline_rate,hai_5_performance_rate,hai_6_achievement_threshold,hai_6_benchmark,hai_6_baseline_rate,hai_6_performance_rate
2023,050006,PROVIDENCE ST JOSEPH HOSPITAL,2700 DOLBEER ST,EUREKA,CA,95501,HUMBOLDT,0.589,0,0,0,0.65,0,0.796,0.811,0.717,0,1.898,0.412,0.738,0,NA,NA,0.726,0,0.419,0.326,0.52,0.014,0.509,0.348
2023,050007,PENINSULA MEDICAL CENTER,1501 TROUSDALE DRIVE,BURLINGAME,CA,94010,SAN MATEO,0.589,0,0.374,0,0.65,0,0,1.036,0.717,0,0.628,0,0.738,0,NA,NA,0.726,0,0.416,0.528,0.52,0.014,0.39,0.285
2023,050008,CALIFORNIA PACIFIC MEDICAL CTR-DAVIES CAMPUS HOSP,601 DUBOCE AVENUE,SAN FRANCISCO,CA,94117,SAN FRANCISCO,0.589,0,0,1.892,0.65,0,1.13,0.639,0.717,0,NA,NA,0.738,0,NA,NA,0.726,0,0.591,NA,0.52,0.014,0.711,1.487
2023,050009,PROVIDENCE QUEEN OF THE VALLEY MEDICAL CENTER,1000 TRANCAS ST,NAPA,CA,94558,NAPA,0.589,0,0.453,1.944,0.65,0,1.118,2.224,0.717,0,1.355,1.035,0.738,0,NA,NA,0.726,0,0.708,NA,0.52,0.014,0.729,0.112
2023,050013,ADVENTIST HEALTH ST HELENA,10 WOODLAND ROAD,SAINT HELENA,CA,94574,NAPA,0.589,0,0,0,0.65,0,0.437,2.149,0.717,0,NA,NA,0.738,0,NA,NA,0.726,0,NA,NA,0.52,0.014,0.638,0.791
2023,050014,SUTTER AMADOR HOSPITAL,200 MISSION BLVD,JACKSON,CA,95642,AMADOR,0.589,0,NA,NA,0.65,0,NA,0,0.717,0,NA,NA,0.738,0,NA,NA,0.726,0,NA,NA,0.52,0.014,0.599,0
2023,050017,MERCY GENERAL HOSPITAL,4001 J ST,SACRAMENTO,CA,95819,SACRAMENTO,0.589,0,0.591,0.736,0.65,0,1.208,0.832,0.717,0,0.436,0.712,0.738,0,0,0,0.726,0,0,0.506,0.52,0.014,0.529,0.216
2023,050022,RIVERSIDE COMMUNITY HOSPITAL,4445 MAGNOLIA AVENUE,RIVERSIDE,CA,92501,RIVERSIDE,0.589,0,0.309,1.9,0.65,0,0.305,0.694,0.717,0,0,1.479,0.738,0,0,NA,0.726,0,0.213,1.327,0.52,0.014,0.711,0.6
2023,050024,PARADISE VALLEY HOSPITAL,2400 EAST 4TH ST,NATIONAL CITY,CA,91950,SAN DIEGO,0.589,0,NA,0.817,0.65,0,1.415,1.047,0.717,0,NA,NA,0.738,0,NA,NA,0.726,0,0.97,1.241,0.52,0.014,0.148,0.325
2023,050025,UC SAN DIEGO HEALTH HILLCREST - HILLCREST MED CTR,200 WEST ARBOR DRIVE,SAN DIEGO,CA,92103,SAN DIEGO,0.589,0,0.645,0.519,0.65,0,0.517,0.585,0.717,0,0.155,0.673,0.738,0,0.363,0,0.726,0,0.609,0.875,0.52,0.014,0.741,0.871
2023,050026,GROSSMONT HOSPITAL,5555 GROSSMONT CENTER DRIVE BOX 58,LA MESA,CA,91942,SAN DIEGO,0.589,0,0.156,0.328,0.65,0,0.721,0.749,0.717,0,1.279,0,0.738,0,NA,NA,0.726,0,0.501,0.97,0.52,0.014,0.469,0.511
2023,050028,MAD RIVER COMMUNITY HOSPITAL,3800 JANES RD,ARCATA,CA,95521,HUMBOLDT,0.589,0,NA,NA,0.65,0,NA,NA,0.717,0,NA,NA,0.738,0,NA,NA,0.726,0,NA,NA,0.52,0.014,0.475,0
2023,050036,BAKERSFIELD MEMORIAL HOSPITAL,420 34TH ST,BAKERSFIELD,CA,93301,KERN,0.589,0,0.419,0.937,0.65,0,0.764,0.768,0.717,0,1.122,1.44,0.738,0,0,1.027,0.726,0,0.428,1.641,0.52,0.014,0.465,0.356
2023,050038,SANTA CLARA VALLEY MEDICAL CENTER,751 SOUTH BASCOM AVENUE,SAN JOSE,CA,95128,SANTA CLARA,0.589,0,0.802,1.429,0.65,0,0.886,1.468,0.717,0,1.383,1.688,0.738,0,0.707,1.244,0.726,0,0.83,1.238,0.52,0.014,0.812,0.607
2023,050039,ENLOE MEDICAL CENTER,1531 ESPLANADE,CHICO,CA,95926,BUTTE,0.589,0,0,0.095,0.65,0,0.276,0.301,0.717,0,0.287,0.219,0.738,0,NA,NA,0.726,0,0.982,0,0.52,0.014,0.874,0.891
2023,050040,LAC/OLIVE VIEW-UCLA MEDICAL CENTER,14445 OLIVE VIEW DRIVE,SYLMAR,CA,91342,LOS ANGELES,0.589,0,0.368,1.03,0.65,0,0.996,2.682,0.717,0,0,0.627,0.738,0,0.739,0,0.726,0,0.375,3.126,0.52,0.014,0.522,0.813
2023,050042,ST ELIZABETH COMMUNITY HOSPITAL,2550 SISTER MARY COLUMBA DRIVE,RED BLUFF,CA,96080,TEHAMA,0.589,0,NA,NA,0.65,0,NA,NA,0.717,0,0,0.887,0.738,0,NA,NA,0.726,0,NA,NA,0.52,0.014,0.856,0.363
2023,050043,ALTA BATES SUMMIT MEDICAL CENTER,350 HAWTHORNE AVENUE,OAKLAND,CA,94609,ALAMEDA,0.589,0,0.511,0.542,0.65,0,0,0.361,0.717,0,0.777,1.531,0.738,0,NA,NA,0.726,0,0.789,0.868,0.52,0.014,0.689,0.633
2023,050045,EL CENTRO REGIONAL MEDICAL CENTER,1415 ROSS AVENUE,EL CENTRO,CA,92243,IMPERIAL,0.589,0,1.421,11.023,0.65,0,3.845,4.052,0.717,0,0.772,0,0.738,0,NA,NA,0.726,0,NA,0.631,0.52,0.014,0.997,0.406
2023,050047,CALIFORNIA PACIFIC MEDICAL CENTER- VAN NESS CAMPUS,1101 VAN NESS AVENUE,SAN FRANCISCO,CA,94109,SAN FRANCISCO,0.589,0,0.162,0.66,0.65,0,0.671,0.332,0.717,0,0.433,0,0.738,0,1.674,NA,0.726,0,0.328,0.286,0.52,0.014,0.804,0.994
2023,050054,SAN GORGONIO MEMORIAL HOSPITAL,600 NORTH HIGHLAND SPRINGS AVENUE,BANNING,CA,92220,RIVERSIDE,0.589,0,NA,2.465,0.65,0,1.542,0.528,0.717,0,NA,NA,0.738,0,NA,NA,0.726,0,NA,NA,0.52,0.014,0.679,0.868
2023,050055,CALIFORNIA PACIFIC MEDICAL CENTER - MISSION BERNAL,3555 CESAR CHAVEZ,SAN FRANCISCO,CA,94110,SAN FRANCISCO,0.589,0,1.299,1.245,0.65,0,0.669,0.962,0.717,0,0,0.864,0.738,0,NA,NA,0.726,0,0.446,0.61,0.52,0.014,0.259,0.559
2023,050056,ANTELOPE VALLEY HOSPITAL,1600 W AVE J,LANCASTER,CA,93534,LOS ANGELES,0.589,0,0.622,2.089,0.65,0,0.743,1.254,0.717,0,0.597,0.901,0.738,0,0.729,0,0.726,0,0.516,1.12,0.52,0.014,0.59,0.662
2023,050057,KAWEAH HEALTH MEDICAL CENTER,400 W MINERAL KING AVE,VISALIA,CA,93291,TULARE,0.589,0,1.146,1.253,0.65,0,1.893,0.933,0.717,0,0.498,0.703,0.738,0,NA,NA,0.726,0,1.577,2.107,0.52,0.014,0.291,0.498
2023,050058,GLENDALE MEM HOSPITAL & HLTH CENTER,1420 S CENTRAL AVE,GLENDALE,CA,91204,LOS ANGELES,0.589,0,0,0.58,0.65,0,0.491,2.499,0.717,0,0,0.614,0.738,0,NA,NA,0.726,0,0,2.62,0.52,0.014,0.342,0.213
2023,050060,COMMUNITY REGIONAL MEDICAL CENTER,2823 FRESNO STREET,FRESNO,CA,93721,FRESNO,0.589,0,0.804,1.298,0.65,0,1.456,1.284,0.717,0,1.718,1.424,0.738,0,0.609,0.919,0.726,0,1.006,0.73,0.52,0.014,0.622,0.715
2023,050063,HOLLYWOOD PRESBYTERIAN MEDICAL CENTER,1300 N VERMONT AVE,LOS ANGELES,CA,90027,LOS ANGELES,0.589,0,2.146,0.913,0.65,0,2.441,0.869,0.717,0,0,1.429,0.738,0,NA,NA,0.726,0,0.219,0.347,0.52,0.014,0.229,0.242
2023,050069,PROVIDENCE ST. JOSEPH HOSPITAL,1100 WEST STEWART DR,ORANGE,CA,92868,ORANGE,0.589,0,0.419,1.879,0.65,0,0.737,0.774,0.717,0,1.11,1.457,0.738,0,1.931,0.521,0.726,0,0,1.949,0.52,0.014,0.53,0.759
2023,050070,KAISER FOUNDATION HOSPITAL - SOUTH SAN FRANCISCO,1200 EL CAMINO REAL,SOUTH SAN FRANCISCO,CA,94080,SAN MATEO,0.589,0,0,0.4,0.65,0,0.391,0.694,0.717,0,1.138,1.417,0.738,0,NA,NA,0.726,0,NA,NA,0.52,0.014,0.219,0.307
2023,050071,KAISER FOUNDATION HOSPITAL-SANTA CLARA,700 LAWRENCE EXPRESSWAY,SANTA CLARA,CA,95051,SANTA CLARA,0.589,0,0.636,0.746,0.65,0,0.814,1.124,0.717,0,0.38,1.095,0.738,0,0,0,0.726,0,0.379,0.663,0.52,0.014,0.491,0.397
2023,050072,KAISER FOUNDATION HOSPITAL - WALNUT CREEK,1425 S MAIN STREET,WALNUT CREEK,CA,94596,CONTRA COSTA,0.589,0,1.075,1.853,0.65,0,0.96,0.654,0.717,0,1.124,1.456,0.738,0,NA,NA,0.726,0,0,0.535,0.52,0.014,1.033,0.618
2023,050073,KAISER FOUNDATION HOSPITAL AND REHAB CENTER,975 SERENO DR,VALLEJO,CA,94589,SOLANO,0.589,0,0.237,0.645,0.65,0,0.521,0.989,0.717,0,0.725,1.11,0.738,0,NA,NA,0.726,0,0.539,0.383,0.52,0.014,0.371,0.413
2023,050075,KAISER FOUNDATION HOSPITAL - OAKLAND/RICHMOND,275 WEST MACARTHUR BOULEVARD,OAKLAND,CA,94611,ALAMEDA,0.589,0,0.966,0.996,0.65,0,1.052,0.855,0.717,0,0.903,1.156,0.738,0,0.756,NA,0.726,0,0.494,0.418,0.52,0.014,0.537,0.251
2023,050076,KAISER FOUNDATION HOSPITAL - SAN FRANCISCO,2425 GEARY BLVD,SAN FRANCISCO,CA,94115,SAN FRANCISCO,0.589,0,0.374,1.035,0.65,0,0.952,0.938,0.717,0,2.205,0.789,0.738,0,0,1.921,0.726,0,0.289,0.292,0.52,0.014,0.441,0.745
2023,050078,PROVIDENCE LITTLE CO OF MARY MED CTR SAN PEDRO,1300 W 7TH ST,SAN PEDRO,CA,90732,LOS ANGELES,0.589,0,NA,NA,0.65,0,0,1.141,0.717,0,NA,NA,0.738,0,NA,NA,0.726,0,NA,NA,0.52,0.014,0.42,0.401
2023,050082,ST JOHNS REGIONAL MEDICAL CENTER,1600 N ROSE AVE,OXNARD,CA,93030,VENTURA,0.589,0,0.494,1.424,0.65,0,0.985,1.037,0.717,0,0.493,0.408,0.738,0,NA,NA,0.726,0,0.953,1.153,0.52,0.014,0.763,0.525
2023,050084,ST JOSEPH'S MEDICAL CENTER OF STOCKTON,1800 N CALIFORNIA ST,STOCKTON,CA,95204,SAN JOAQUIN,0.589,0,0.063,2.314,0.65,0,0,0.929,0.717,0,0.735,0.857,0.738,0,NA,NA,0.726,0,1.028,1.371,0.52,0.014,0.688,0.346
2023,050090,SONOMA VALLEY HOSPITAL,347 ANDRIEUX ST,SONOMA,CA,95476,SONOMA,0.589,0,NA,NA,0.65,0,NA,NA,0.717,0,NA,NA,0.738,0,NA,NA,0.726,0,NA,NA,0.52,0.014,0,1.797
2023,050091,COMMUNITY HOSPITAL OF HUNTINGTON PARK,2623 E SLAUSON AVE,HUNTINGTON PARK,CA,90255,LOS ANGELES,0.589,0,NA,NA,0.65,0,NA,NA,0.717,0,NA,NA,0.738,0,NA,NA,0.726,0,NA,NA,0.52,0.014,0,0.297
2023,050093,SAINT AGNES MEDICAL CENTER,1303 E HERNDON AVE,FRESNO,CA,93710,FRESNO,0.589,0,1.298,1.871,0.65,0,0.729,1.33,0.717,0,0.88,0.474,0.738,0,0.615,0,0.726,0,0.522,1.493,0.52,0.014,0.79,0.394
2023,050099,SAN ANTONIO REGIONAL HOSPITAL,999 SAN BERNARDINO ROAD,UPLAND,CA,91786,SAN BERNARDINO,0.589,0,0.447,1.314,0.65,0,0.443,0.866,0.717,0,0.742,0.561,0.738,0,0,0.56,0.726,0,0.53,1.311,0.52,0.014,0.659,0.508
2023,050100,SHARP MEMORIAL HOSPITAL,7901 FROST ST,SAN DIEGO,CA,92123,SAN DIEGO,0.589,0,0.5,0.822,0.65,0,0.827,0.817,0.717,0,1.328,1.155,0.738,0,1.007,0.539,0.726,0,0.939,0.315,0.52,0.014,0.65,0.46
2023,050101,SUTTER SOLANO MEDICAL CENTER,300 HOSPITAL DR,VALLEJO,CA,94589,SOLANO,0.589,0,0,0,0.65,0,0.5,0,0.717,0,0,0,0.738,0,NA,NA,0.726,0,NA,NA,0.52,0.014,0.254,0.343
2023,050102,PARKVIEW COMMUNITY HOSPITAL MEDICAL CENTER,3865 JACKSON STREET,RIVERSIDE,CA,92503,RIVERSIDE,0.589,0,2.042,1.324,0.65,0,1.983,0.936,0.717,0,NA,NA,0.738,0,NA,NA,0.726,0,0,0,0.52,0.014,0.17,0.134
2023,050103,WHITE MEMORIAL MEDICAL CENTER,1720 E CESAR AVENUE,LOS ANGELES,CA,90033,LOS ANGELES,0.589,0,1.562,0.773,0.65,0,0.71,0.418,0.717,0,0,0,0.738,0,NA,1.826,0.726,0,0.715,0,0.52,0.014,0.298,0.364
2023,050104,SAINT FRANCIS MEDICAL CENTER,3630 EAST IMPERIAL HIGHWAY,LYNWOOD,CA,90262,LOS ANGELES,0.589,0,0,1.265,0.65,0,0.46,1.644,0.717,0,0.348,0.509,0.738,0,NA,NA,0.726,0,1.628,1.573,0.52,0.014,0.69,0.33
2023,050107,MARIAN REGIONAL MEDICAL CENTER,1400 E CHURCH ST,SANTA MARIA,CA,93454,SANTA BARBARA,0.589,0,0.5,1.584,0.65,0,1.09,2.346,0.717,0,1.114,1.428,0.738,0,0,NA,0.726,0,0.357,0.854,0.52,0.014,0.224,0.155
2023,050108,"SUTTER MEDICAL CENTER, SACRAMENTO",2825 CAPITOL AVENUE,SACRAMENTO,CA,95816,SACRAMENTO,0.589,0,0.806,0.569,0.65,0,0.548,0.356,0.717,0,1.021,1.225,0.738,0,0.999,0.629,0.726,0,0.597,1.043,0.52,0.014,0.241,0.367
2023,050110,LOMPOC VALLEY MEDICAL CENTER,1515 E OCEAN AVENUE,LOMPOC,CA,93436,SANTA BARBARA,0.589,0,NA,NA,0.65,0,NA,0.495,0.717,0,NA,NA,0.738,0,NA,NA,0.726,0,NA,NA,0.52,0.014,1.754,0.908
2023,050112,SANTA MONICA - UCLA MED CTR & ORTHOPAEDIC HOSPITAL,1250 16TH STREET,SANTA MONICA,CA,90404,LOS ANGELES,0.589,0,0.755,1.078,0.65,0,0.932,2.002,0.717,0,0,0.495,0.738,0,NA,NA,0.726,0,0.737,1.339,0.52,0.014,0.557,0.758
2023,050115,PALOMAR HEALTH DOWNTOWN CAMPUS,555 EAST VALLEY PARKWAY,ESCONDIDO,CA,92025,SAN DIEGO,0.589,0,0.753,1.109,0.65,0,0.721,1.213,0.717,0,1.301,0.464,0.738,0,NA,NA,0.726,0,0.713,1.582,0.52,0.014,0.615,0.376
2023,050118,DOCTORS HOSPITAL OF MANTECA,1205 E NORTH STREET,MANTECA,CA,95336,SAN JOAQUIN,0.589,0,2.105,8.547,0.65,0,3.475,2.004,0.717,0,NA,NA,0.738,0,NA,NA,0.726,0,NA,NA,0.52,0.014,0.631,0.196
2023,050121,ADVENTIST HEALTH HANFORD,115 MALL DRIVE,HANFORD,CA,93230,KINGS,0.589,0,0.833,1.459,0.65,0,0.427,1.461,0.717,0,1.505,0.832,0.738,0,0.662,1.974,0.726,0,1.228,1.256,0.52,0.014,0.648,0.412
2023,050122,DAMERON HOSPITAL,525 WEST ACACIA STREET,STOCKTON,CA,95203,SAN JOAQUIN,0.589,0,NA,3.005,0.65,0,1.994,0,0.717,0,NA,NA,0.738,0,NA,NA,0.726,0,NA,NA,0.52,0.014,0.718,0.807
2023,050124,USC VERDUGO HILLS HOSPITAL,1812 VERDUGO BLVD,GLENDALE,CA,91208,LOS ANGELES,0.589,0,0,0.38,0.65,0,0.915,1.093,0.717,0,NA,NA,0.738,0,NA,NA,0.726,0,NA,0.799,0.52,0.014,1.021,0.514
2023,050125,REGIONAL MEDICAL CENTER OF SAN JOSE,225 N JACKSON AVENUE,SAN JOSE,CA,95116,SANTA CLARA,0.589,0,1.575,0.907,0.65,0,1.296,1.142,0.717,0,0,0.533,0.738,0,NA,NA,0.726,0,0.675,0.991,0.52,0.014,0.257,0.129
2023,050126,VALLEY PRESBYTERIAN HOSPITAL,15107 VANOWEN ST,VAN NUYS,CA,91406,LOS ANGELES,0.589,0,0.304,2.083,0.65,0,0.438,0.846,0.717,0,0,NA,0.738,0,NA,NA,0.726,0,0.568,0.806,0.52,0.014,0.603,0.188
2023,050127,WOODLAND MEMORIAL HOSPITAL,1325 COTTONWOOD STREET,WOODLAND,CA,95695,YOLO,0.589,0,2.012,2.231,0.65,0,2.628,1.076,0.717,0,2.427,0.913,0.738,0,NA,NA,0.726,0,NA,NA,0.52,0.014,0.866,0.602
2023,050128,TRI-CITY MEDICAL CENTER,4002 VISTA WAY,OCEANSIDE,CA,92056,SAN DIEGO,0.589,0,1.143,1.797,0.65,0,0.698,2.787,0.717,0,1.615,1.32,0.738,0,NA,NA,0.726,0,0.616,0.765,0.52,0.014,0.668,0.929
2023,050131,NOVATO COMMUNITY HOSPITAL,180 ROWLAND WAY,NOVATO,CA,94945,MARIN,0.589,0,NA,NA,0.65,0,NA,NA,0.717,0,NA,NA,0.738,0,NA,NA,0.726,0,NA,NA,0.52,0.014,0.267,0
2023,050132,SAN GABRIEL VALLEY MEDICAL CENTER,438 W LAS TUNAS DRIVE,SAN GABRIEL,CA,91776,LOS ANGELES,0.589,0,2.01,0.94,0.65,0,0.975,0.251,0.717,0,NA,NA,0.738,0,0,0,0.726,0,0,1.263,0.52,0.014,0.757,0.537
2023,050133,ADVENTIST HEALTH AND RIDEOUT,726 4TH ST,MARYSVILLE,CA,95901,YUBA,0.589,0,0,0.602,0.65,0,0.977,0.974,0.717,0,0.772,1.133,0.738,0,NA,NA,0.726,0,1.183,2.365,0.52,0.014,0.289,0.286
2023,050135,SOUTHERN CALIFORNIA HOSPITAL AT HOLLYWOOD,6245 DE LONGPRE AVE,HOLLYWOOD,CA,90028,LOS ANGELES,0.589,0,0.688,0.668,0.65,0,0.594,1.5,0.717,0,NA,NA,0.738,0,NA,NA,0.726,0,0.866,1.437,0.52,0.014,1.096,0.182
2023,050136,PETALUMA VALLEY HOSPITAL,400 N MCDOWELL BLVD,PETALUMA,CA,94954,SONOMA,0.589,0,NA,NA,0.65,0,NA,NA,0.717,0,NA,NA,0.738,0,NA,NA,0.726,0,NA,NA,0.52,0.014,0.18,0.334
2023,050137,KAISER FOUNDATION HOSPITAL - PANORAMA CITY,13652 CANTARA ST,PANORAMA CITY,CA,91402,LOS ANGELES,0.589,0,0.799,1.723,0.65,0,0.784,2.527,0.717,0,0.562,0.476,0.738,0,NA,NA,0.726,0,0,1.876,0.52,0.014,0.306,0.315
2023,050138,KAISER FOUNDATION HOSPITAL - LOS ANGELES,4867 SUNSET BLVD,LOS ANGELES,CA,90027,LOS ANGELES,0.589,0,0.517,1.119,0.65,0,0.935,1.239,0.717,0,1.073,1.15,0.738,0,0,0.976,0.726,0,0.487,0.888,0.52,0.014,0.505,0.445
2023,050139,KAISER FOUNDATION HOSPITAL - DOWNEY,9333 IMPERIAL HIGHWAY,DOWNEY,CA,90242,LOS ANGELES,0.589,0,0.997,1.841,0.65,0,0.518,1.474,0.717,0,0.502,0.896,0.738,0,0.712,0,0.726,0,0,0.404,0.52,0.014,0.592,0.384
2023,050145,COMMUNITY HOSPITAL OF THE MONTEREY PENINSULA,23625 W R HOLMAN HIGHWAY,MONTEREY,CA,93940,MONTEREY,0.589,0,0.616,1.536,0.65,0,2.415,1.951,0.717,0,0,0.252,0.738,0,NA,NA,0.726,0,0.914,1.848,0.52,0.014,0.69,1.037
2023,050150,SIERRA NEVADA MEMORIAL HOSPITAL,155 GLASSON WAY,GRASS VALLEY,CA,95945,NEVADA,0.589,0,NA,0.922,0.65,0,0,0.897,0.717,0,0.572,0.824,0.738,0,NA,NA,0.726,0,NA,NA,0.52,0.014,0.58,1.022
2023,050152,SAINT FRANCIS MEMORIAL HOSPITAL,900 HYDE ST,SAN FRANCISCO,CA,94109,SAN FRANCISCO,0.589,0,0.631,0,0.65,0,0.616,0.834,0.717,0,NA,NA,0.738,0,NA,NA,0.726,0,NA,NA,0.52,0.014,0,0.496
2023,050158,ENCINO HOSPITAL MEDICAL CENTER,16237 VENTURA BLVD,ENCINO,CA,91436,LOS ANGELES,0.589,0,NA,NA,0.65,0,0,0,0.717,0,NA,NA,0.738,0,NA,NA,0.726,0,NA,NA,0.52,0.014,1.177,1.31
2023,050159,VENTURA COUNTY MEDICAL CENTER,300 HILLMONT AVENUE,VENTURA,CA,93003,VENTURA,0.589,0,0.587,1.528,0.65,0,1.707,1.78,0.717,0,0.975,0.336,0.738,0,NA,NA,0.726,0,0,2.039,0.52,0.014,0.531,1.036
2023,050167,SAN JOAQUIN GENERAL HOSPITAL,500 W HOSPITAL ROAD,FRENCH CAMP,CA,95231,SAN JOAQUIN,0.589,0,1.102,4.373,0.65,0,1.828,1.11,0.717,0,1.601,2.443,0.738,0,NA,NA,0.726,0,3.422,1.947,0.52,0.014,0.225,0.398
2023,050168,PROVIDENCE ST. JUDE MEDICAL CENTER,101 E VALENCIA MESA DRIVE,FULLERTON,CA,92835,ORANGE,0.589,0,0.47,0.458,0.65,0,1.419,0.675,0.717,0,1.159,1.298,0.738,0,NA,NA,0.726,0,0.196,0.45,0.52,0.014,0.105,0.112
2023,050169,PIH HEALTH HOSPITAL-WHITTIER,12401 WASHINGTON BLVD,WHITTIER,CA,90602,LOS ANGELES,0.589,0,1.019,0.398,0.65,0,1.103,0.926,0.717,0,0.575,0.774,0.738,0,0,1.368,0.726,0,0.423,0.676,0.52,0.014,0.735,0.655
2023,050174,PROVIDENCE SANTA ROSA MEMORIAL HOSPITAL,1165 MONTGOMERY DR,SANTA ROSA,CA,95405,SONOMA,0.589,0,0.15,0.749,0.65,0,1.093,1.408,0.717,0,0.374,0.79,0.738,0,NA,NA,0.726,0,1.012,2.105,0.52,0.014,0.179,0.239
2023,050179,EMANUEL MEDICAL CENTER,825 DELBON AVE,TURLOCK,CA,95382,STANISLAUS,0.589,0,1.556,3.38,0.65,0,0.635,0.481,0.717,0,0,2.581,0.738,0,NA,NA,0.726,0,1.486,0.655,0.52,0.014,0.301,0.328
2023,050180,JOHN MUIR MEDICAL CENTER - WALNUT CREEK CAMPUS,1601 YGNACIO VALLEY RD,WALNUT CREEK,CA,94598,CONTRA COSTA,0.589,0,0.529,0.873,0.65,0,0.758,0.459,0.717,0,1.218,1.644,0.738,0,0.56,0.605,0.726,0,0.388,0.721,0.52,0.014,0.418,0.597
2023,050194,WATSONVILLE COMMUNITY HOSPITAL,75 NIELSON STREET,WATSONVILLE,CA,95076,SANTA CRUZ,0.589,0,NA,1.807,0.65,0,1.898,1.921,0.717,0,NA,NA,0.738,0,NA,NA,0.726,0,NA,NA,0.52,0.014,1.16,1.229
2023,050195,WASHINGTON HOSPITAL,2000 MOWRY AVE,FREMONT,CA,94538,ALAMEDA,0.589,0,1.191,0.54,0.65,0,1.903,2.662,0.717,0,0,1.14,0.738,0,NA,NA,0.726,0,1.018,1.317,0.52,0.014,0.658,0.157
2023,050197,SEQUOIA HOSPITAL,170 ALAMEDA DE LAS PULGAS,REDWOOD CITY,CA,94062,SAN MATEO,0.589,0,2.203,0.795,0.65,0,0.515,0.691,0.717,0,2.455,NA,0.738,0,NA,NA,0.726,0,NA,NA,0.52,0.014,0.584,0.119
2023,050204,PALMDALE REGIONAL MEDICAL CENTER,38600 MEDICAL CENTER DRIVE,PALMDALE,CA,93552,LOS ANGELES,0.589,0,0.393,0.405,0.65,0,0.555,0.608,0.717,0,1.131,0,0.738,0,NA,NA,0.726,0,0,0.836,0.52,0.014,0.493,0.693
2023,050211,ALAMEDA HOSPITAL,2070 CLINTON AVENUE,ALAMEDA,CA,94501,ALAMEDA,0.589,0,NA,1.621,0.65,0,0,0,0.717,0,NA,NA,0.738,0,NA,NA,0.726,0,NA,NA,0.52,0.014,1.149,0.429
2023,050222,SHARP CHULA VISTA MEDICAL CENTER,751 MEDICAL CENTER COURT,CHULA VISTA,CA,91911,SAN DIEGO,0.589,0,3.027,1.912,0.65,0,0,0.272,0.717,0,0.728,0.559,0.738,0,2.483,NA,0.726,0,1.662,0.969,0.52,0.014,0.336,0.392
2023,050224,HOAG MEMORIAL HOSPITAL PRESBYTERIAN,ONE HOAG DRIVE,NEWPORT BEACH,CA,92663,ORANGE,0.589,0,0.567,0.78,0.65,0,0.065,0.409,0.717,0,0.612,0.496,0.738,0,0.62,1.111,0.726,0,0.146,0.165,0.52,0.014,0.479,0.53
2023,050226,AHMC ANAHEIM REGIONAL MEDICAL CENTER,1111 W LA PALMA AVENUE,ANAHEIM,CA,92801,ORANGE,0.589,0,0.639,1.65,0.65,0,0.765,1.516,0.717,0,0,NA,0.738,0,NA,NA,0.726,0,0,0.853,0.52,0.014,0.386,0.366
2023,050228,ZUCKERBERG SAN FRANCISCO GENERAL HOSP & TRAUMA CTR,1001 POTRERO AVENUE,SAN FRANCISCO,CA,94110,SAN FRANCISCO,0.589,0,1.17,0.625,0.65,0,1.029,1.382,0.717,0,2.172,1.904,0.738,0,NA,NA,0.726,0,0.109,0.468,0.52,0.014,0.543,1.086
2023,050230,GARDEN GROVE HOSPITAL & MEDICAL CENTER,12601 GARDEN GROVE BLVD,GARDEN GROVE,CA,92843,ORANGE,0.589,0,0,0.828,0.65,0,0,0.57,0.717,0,NA,NA,0.738,0,NA,NA,0.726,0,NA,NA,0.52,0.014,0.284,0.174
2023,050231,POMONA VALLEY HOSPITAL MEDICAL CENTER,1798 N GAREY AVE,POMONA,CA,91767,LOS ANGELES,0.589,0,0.452,1.476,0.65,0,0.612,1.469,0.717,0,1.707,1.276,0.738,0,3.503,NA,0.726,0,1.295,0.473,0.52,0.014,0.521,0.677
2023,050232,FRENCH HOSPITAL MEDICAL CENTER,1911 JOHNSON AVE,SAN LUIS OBISPO,CA,93401,SAN LUIS OBISPO,0.589,0,0.775,1.753,0.65,0,0.629,1.499,0.717,0,0.824,0,0.738,0,NA,NA,0.726,0,NA,NA,0.52,0.014,0.307,0.593
2023,050234,SHARP CORONADO HOSPITAL AND HLTHCR CTR,250 PROSPECT PLACE,CORONADO,CA,92118,SAN DIEGO,0.589,0,NA,2.963,0.65,0,NA,0.701,0.717,0,NA,NA,0.738,0,NA,NA,0.726,0,NA,NA,0.52,0.014,0.768,1.095
2023,050235,PROVIDENCE SAINT JOSEPH MEDICAL CTR,501 SOUTH BUENA VISTA STREET,BURBANK,CA,91505,LOS ANGELES,0.589,0,0.426,1.948,0.65,0,1.309,0.26,0.717,0,0,0,0.738,0,0,0,0.726,0,0.58,1.454,0.52,0.014,0.341,0.236
2023,050236,SIMI VALLEY HOSPITAL & HEALTH CARE SERVICES,2975 N SYCAMORE DR,SIMI VALLEY,CA,93065,VENTURA,0.589,0,0.621,0.339,0.65,0,0.546,0.928,0.717,0,0,0,0.738,0,NA,NA,0.726,0,0.729,1.768,0.52,0.014,0.169,0.166
2023,050238,USC ARCADIA HOSPITAL,300 W HUNTINGTON DR,ARCADIA,CA,91006,LOS ANGELES,0.589,0,0.44,1.358,0.65,0,1.597,0.717,0.717,0,0.846,0.275,0.738,0,1.346,3.328,0.726,0,0,0.384,0.52,0.014,0.599,0.862
2023,050239,GLENDALE ADVENTIST MEDICAL CENTER,1509 E WILSON TERRACE,GLENDALE,CA,91206,LOS ANGELES,0.589,0,0.108,0.376,0.65,0,0.641,0.566,0.717,0,0.348,0.3,0.738,0,0.626,NA,0.726,0,0.913,0.64,0.52,0.014,0.29,0.187
2023,050242,DOMINICAN HOSPITAL,1555 SOQUEL DRIVE,SANTA CRUZ,CA,95065,SANTA CRUZ,0.589,0,0.755,0.205,0.65,0,0.965,0.517,0.717,0,0.507,1.031,0.738,0,NA,NA,0.726,0,0,0,0.52,0.014,0.357,0.272
2023,050243,DESERT REGIONAL MEDICAL CENTER,1150 NORTH INDIAN CANYON DRIVE,PALM SPRINGS,CA,92262,RIVERSIDE,0.589,0,1.558,1.173,0.65,0,0.696,1.376,0.717,0,0.423,0.859,0.738,0,NA,NA,0.726,0,1.036,1.332,0.52,0.014,0.675,0.713
2023,050245,ARROWHEAD REGIONAL MEDICAL CENTER,400 NORTH PEPPER AVENUE,COLTON,CA,92324,SAN BERNARDINO,0.589,0,0.53,1.235,0.65,0,1.195,0.526,0.717,0,0.501,0.379,0.738,0,0.744,0,0.726,0,0.241,1.196,0.52,0.014,0.174,0.424
2023,050248,NATIVIDAD MEDICAL CENTER,1441 CONSTITUTION BOULEVARD,SALINAS,CA,93906,MONTEREY,0.589,0,0,1.3,0.65,0,0.608,1.453,0.717,0,1.157,1.799,0.738,0,NA,NA,0.726,0,0,0.445,0.52,0.014,0.32,0.386
2023,050254,MARSHALL MEDICAL CENTER,1100 MARSHALL WAY,PLACERVILLE,CA,95667,EL DORADO,0.589,0,0,0,0.65,0,0.53,0.584,0.717,0,1.415,NA,0.738,0,NA,NA,0.726,0,NA,NA,0.52,0.014,0.117,0.374
2023,050261,SIERRA VIEW MEDICAL CENTER,465 W PUTNAM AVE,PORTERVILLE,CA,93257,TULARE,0.589,0,0,3.463,0.65,0,0,0.335,0.717,0,NA,NA,0.738,0,NA,NA,0.726,0,2.773,NA,0.52,0.014,0.682,0.771
2023,050262,RONALD REAGAN UCLA MEDICAL CENTER,757 WESTWOOD PLAZA,LOS ANGELES,CA,90095,LOS ANGELES,0.589,0,1.234,0.468,0.65,0,0.811,0.708,0.717,0,0.491,0.458,0.738,0,0.76,0,0.726,0,1.486,0.722,0.52,0.014,1.028,0.971
2023,050272,REDLANDS COMMUNITY HOSPITAL,350 TERRACINA BLVD,REDLANDS,CA,92373,SAN BERNARDINO,0.589,0,0,0.477,0.65,0,0.336,0.391,0.717,0,0.325,1.062,0.738,0,NA,NA,0.726,0,1.45,2.12,0.52,0.014,0.599,0.541
2023,050276,CONTRA COSTA REGIONAL MEDICAL CENTER,2500 ALHAMBRA AVENUE,MARTINEZ,CA,94553,CONTRA COSTA,0.589,0,0,0,0.65,0,1.669,0,0.717,0,1.506,1.797,0.738,0,NA,NA,0.726,0,0,0,0.52,0.014,0.124,0.573
2023,050278,PROVIDENCE HOLY CROSS MEDICAL CENTER,15031 RINALDI ST,MISSION HILLS,CA,91346,LOS ANGELES,0.589,0,0.213,1.076,0.65,0,0.575,0.938,0.717,0,0.408,0.292,0.738,0,0.34,0.332,0.726,0,0.755,0.838,0.52,0.014,0.299,0.24
2023,050279,HI-DESERT MEDICAL CENTER,6601 WHITE FEATHER ROAD,JOSHUA TREE,CA,92252,SAN BERNARDINO,0.589,0,NA,NA,0.65,0,0,NA,0.717,0,NA,NA,0.738,0,NA,NA,0.726,0,NA,NA,0.52,0.014,2.278,0
2023,050280,MERCY MEDICAL CENTER REDDING,"2175 ROSALINE AVE, CLAIRMONT HGTS",REDDING,CA,96001,SHASTA,0.589,0,1.034,1.454,0.65,0,1.028,0.328,0.717,0,1.204,0.66,0.738,0,0,NA,0.726,0,0.795,1.452,0.52,0.014,0.862,0.531
2023,050281,ALHAMBRA HOSPITAL MEDICAL CENTER,100 S RAYMOND AVE,ALHAMBRA,CA,91801,LOS ANGELES,0.589,0,NA,0,0.65,0,0,0.642,0.717,0,0,0,0.738,0,NA,NA,0.726,0,NA,NA,0.52,0.014,0.433,0.354
2023,050283,STANFORD HEALTH CARE - VALLEYCARE,5555 WEST LAS POSITAS BOULEVARD,PLEASANTON,CA,94588,ALAMEDA,0.589,0,0.312,0.42,0.65,0,2.612,2.189,0.717,0,0,1.071,0.738,0,NA,NA,0.726,0,0,1.216,0.52,0.014,0.779,1
2023,050289,AHMC SETON MEDICAL CENTER,1900 SULLIVAN AVENUE,DALY CITY,CA,94015,SAN MATEO,0.589,0,0.617,NA,0.65,0,0.912,2.283,0.717,0,NA,NA,0.738,0,NA,NA,0.726,0,0,0.745,0.52,0.014,0.727,1.007
2023,050290,PROVIDENCE SAINT JOHN'S HEALTH CENTER,2121 SANTA MONICA BLVD,SANTA MONICA,CA,90404,LOS ANGELES,0.589,0,0.499,0.644,0.65,0,0.374,0.497,0.717,0,0,0,0.738,0,NA,NA,0.726,0,3.268,0,0.52,0.014,0.815,0.63
2023,050291,SUTTER SANTA ROSA REGIONAL HOSPITAL,30 MARK WEST SPRINGS ROAD,SANTA ROSA,CA,95403,SONOMA,0.589,0,0.527,0.265,0.65,0,0,0.817,0.717,0,0,0,0.738,0,NA,NA,0.726,0,0,0.86,0.52,0.014,0.602,0.749
2023,050292,RIVERSIDE UNIVERSITY HEALTH SYSTEM-MEDICAL CENTER,26520 CACTUS AVENUE,MORENO VALLEY,CA,92555,RIVERSIDE,0.589,0,0.088,0.133,0.65,0,1.064,1.138,0.717,0,1.14,0.88,0.738,0,0,0.924,0.726,0,0.84,0.963,0.52,0.014,0.569,0.555
2023,050295,MERCY HOSPITAL,2215 TRUXTUN AVENUE,BAKERSFIELD,CA,93301,KERN,0.589,0,0.723,1.378,0.65,0,0.607,1.2,0.717,0,0.788,0.509,0.738,0,0.329,0.543,0.726,0,1.02,2.101,0.52,0.014,0.381,0.037
2023,050298,BARSTOW COMMUNITY HOSPITAL,820 E MOUNTAIN VIEW STREET,BARSTOW,CA,92311,SAN BERNARDINO,0.589,0,NA,1.845,0.65,0,NA,1.669,0.717,0,NA,NA,0.738,0,NA,NA,0.726,0,NA,NA,0.52,0.014,0.632,0
2023,050300,ST MARY MEDICAL CENTER,18300 HIGHWAY 18,APPLE VALLEY,CA,92307,SAN BERNARDINO,0.589,0,1.891,1.808,0.65,0,0.356,0.612,0.717,0,1.143,0.779,0.738,0,NA,NA,0.726,0,1.587,1.262,0.52,0.014,0.582,0.233
2023,050301,ADVENTIST HEALTH UKIAH VALLEY,275 HOSPITAL DRIVE,UKIAH,CA,95482,MENDOCINO,0.589,0,NA,2.504,0.65,0,0.959,0,0.717,0,0,0.736,0.738,0,NA,NA,0.726,0,NA,NA,0.52,0.014,0.35,1.104
2023,050305,ALTA BATES SUMMIT MEDICAL CENTER - ALTA BATES CAMP,2450 ASHBY AVENUE,BERKELEY,CA,94705,ALAMEDA,0.589,0,0.766,0.497,0.65,0,0,1.628,0.717,0,2.182,1.328,0.738,0,NA,NA,0.726,0,0,0.965,0.52,0.014,0.426,0.457
2023,050308,EL CAMINO HOSPITAL,2500 GRANT ROAD,MOUNTAIN VIEW,CA,94040,SANTA CLARA,0.589,0,0.278,0.177,0.65,0,0.687,0.885,0.717,0,0.177,0.715,0.738,0,1.062,0.839,0.726,0,1.331,1.084,0.52,0.014,0.43,0.459
2023,050309,SUTTER ROSEVILLE MEDICAL CENTER,ONE MEDICAL PLAZA,ROSEVILLE,CA,95661,PLACER,0.589,0,0,1.465,0.65,0,1.136,0.836,0.717,0,0.758,1.212,0.738,0,0.536,0,0.726,0,0.739,0.596,0.52,0.014,0.186,0.334
2023,050313,SUTTER TRACY COMMUNITY HOSPITAL,1420 NORTH TRACY BLVD,TRACY,CA,95376,SAN JOAQUIN,0.589,0,0,0,0.65,0,NA,0.927,0.717,0,NA,NA,0.738,0,NA,NA,0.726,0,NA,NA,0.52,0.014,0,0
2023,050315,KERN MEDICAL CENTER,1700 MOUNT VERNON AVENUE,BAKERSFIELD,CA,93306,KERN,0.589,0,0.42,1.32,0.65,0,1.204,1.326,0.717,0,0,0.514,0.738,0,NA,0,0.726,0,1.89,0.24,0.52,0.014,0.492,0.387
2023,050320,HIGHLAND HOSPITAL,1411 EAST 31ST STREET,OAKLAND,CA,94602,ALAMEDA,0.589,0,0.404,0.994,0.65,0,2.243,0.596,0.717,0,1.446,2.878,0.738,0,NA,NA,0.726,0,2.544,2.089,0.52,0.014,0.744,0.643
2023,050324,SCRIPPS MEMORIAL HOSPITAL LA JOLLA,9888 GENESEE AVENUE,LA JOLLA,CA,92037,SAN DIEGO,0.589,0,0.618,0.977,0.65,0,1.185,1.174,0.717,0,1.803,1.053,0.738,0,0,0,0.726,0,0.596,0.436,0.52,0.014,0.359,0.572
2023,050327,LOMA LINDA UNIVERSITY MEDICAL CENTER,11234 ANDERSON ST,LOMA LINDA,CA,92354,SAN BERNARDINO,0.589,0,0.792,0.459,0.65,0,0.415,0.576,0.717,0,2.098,1.245,0.738,0,1.119,0.419,0.726,0,0.828,0.656,0.52,0.014,0.611,0.599
2023,050329,CORONA REGIONAL MEDICAL CENTER,800 SOUTH MAIN STREET,CORONA,CA,92882,RIVERSIDE,0.589,0,0.809,1.992,0.65,0,1.16,0.896,0.717,0,0,0,0.738,0,NA,NA,0.726,0,0,1.147,0.52,0.014,0.674,0.049
2023,050334,SALINAS VALLEY MEMORIAL HOSPITAL,450 EAST ROMIE LANE,SALINAS,CA,93901,MONTEREY,0.589,0,0.244,0.278,0.65,0,0.238,0.639,0.717,0,0.705,0,0.738,0,NA,NA,0.726,0,0,0,0.52,0.014,0.619,0.256
2023,050335,ADVENTIST HEALTH SONORA,1000 GREENLEY ROAD,SONORA,CA,95370,TUOLUMNE,0.589,0,0,NA,0.65,0,0,0.713,0.717,0,0.805,0.797,0.738,0,NA,NA,0.726,0,NA,NA,0.52,0.014,0.407,0
2023,050336,ADVENTIST HEALTH LODI MEMORIAL,975 S FAIRMONT AVENUE,LODI,CA,95240,SAN JOAQUIN,0.589,0,0.571,1.882,0.65,0,2.623,0.706,0.717,0,0.633,0,0.738,0,NA,NA,0.726,0,1.695,2.874,0.52,0.014,0.167,0.088
2023,050348,UNIVERSITY OF CALIFORNIA IRVINE MEDICAL CENTER,101 CITY DRIVE SOUTH,ORANGE,CA,92868,ORANGE,0.589,0,0.525,0.833,0.65,0,0.697,0.444,0.717,0,0.772,0.978,0.738,0,1.016,2.809,0.726,0,0.967,0.747,0.52,0.014,0.416,0.539
2023,050350,BEVERLY HOSPITAL,309 W BEVERLY BLVD,MONTEBELLO,CA,90640,LOS ANGELES,0.589,0,0,0,0.65,0,0,0.21,0.717,0,NA,NA,0.738,0,NA,NA,0.726,0,0,1.728,0.52,0.014,0.564,NA
2023,050351,TORRANCE MEMORIAL MEDICAL CENTER,3330 LOMITA BLVD,TORRANCE,CA,90509,LOS ANGELES,0.589,0,0.434,0.16,0.65,0,1.979,1.862,0.717,0,1.022,0.854,0.738,0,3.14,1.038,0.726,0,0.835,0.977,0.52,0.014,0.336,0.38
2023,050352,BARTON MEMORIAL HOSPITAL,2170 SOUTH AVENUE,SOUTH LAKE TAHOE,CA,96150,EL DORADO,0.589,0,NA,NA,0.65,0,NA,NA,0.717,0,NA,NA,0.738,0,NA,NA,0.726,0,NA,NA,0.52,0.014,1.491,0.847
2023,050353,PROVIDENCE LITTLE COMPANY OF MARY MED CTR TORRANCE,4101 TORRANCE BLVD,TORRANCE,CA,90503,LOS ANGELES,0.589,0,0,1.875,0.65,0,0.428,0.691,0.717,0,0.489,0.551,0.738,0,0.521,0,0.726,0,0,0.493,0.52,0.014,0.348,0.547
2023,050357,GOLETA VALLEY COTTAGE HOSPITAL,351 S PATTERSON AVE,SANTA BARBARA,CA,93111,SANTA BARBARA,0.589,0,NA,NA,0.65,0,NA,NA,0.717,0,NA,NA,0.738,0,NA,NA,0.726,0,NA,NA,0.52,0.014,0,0
2023,050360,MARIN GENERAL HOSPITAL,"250 BON AIR ROAD, PO BOX 8010",GREENBRAE,CA,94904,MARIN,0.589,0,0.298,0.259,0.65,0,0.982,0.436,0.717,0,0.98,0,0.738,0,NA,NA,0.726,0,0,0,0.52,0.014,1.183,0.213
2023,050367,NORTHBAY MEDICAL CENTER,1200 B  GALE WILSON BLVD,FAIRFIELD,CA,94533,SOLANO,0.589,0,0,0.23,0.65,0,0.768,1.787,0.717,0,0.398,1.313,0.738,0,NA,NA,0.726,0,0.45,2.481,0.52,0.014,1.099,0.474
2023,050380,GOOD SAMARITAN HOSPITAL,2425 SAMARITAN DRIVE,SAN JOSE,CA,95124,SANTA CLARA,0.589,0,1.44,1.115,0.65,0,1.78,2.136,0.717,0,1.272,1.311,0.738,0,1.259,NA,0.726,0,0.421,0.255,0.52,0.014,0.782,0.3
2023,050382,EMANATE HEALTH INTER-COMMUNITY HOSPITAL,210 W  SAN BERNARDINO ROAD,COVINA,CA,91723,LOS ANGELES,0.589,0,0,0.082,0.65,0,0.315,0.985,0.717,0,1.958,0.312,0.738,0,NA,NA,0.726,0,0.833,1.621,0.52,0.014,0.606,0.665
2023,050390,HEMET GLOBAL MEDICAL CENTER,1117 EAST DEVONSHIRE,HEMET,CA,92543,RIVERSIDE,0.589,0,0,0.207,0.65,0,0.228,0,0.717,0,0,NA,0.738,0,NA,NA,0.726,0,2.595,0.886,0.52,0.014,0.485,0.427
2023,050393,PIH HEALTH DOWNEY HOSPITAL,11500 BROOKSHIRE AVENUE,DOWNEY,CA,90241,LOS ANGELES,0.589,0,2.431,1.372,0.65,0,0.329,0.23,0.717,0,0,0,0.738,0,NA,NA,0.726,0,1.082,1.658,0.52,0.014,0.957,0.415
2023,050396,SANTA BARBARA COTTAGE HOSPITAL,400 WEST PUEBLO,SANTA BARBARA,CA,93102,SANTA BARBARA,0.589,0,0.854,0.904,0.65,0,0.818,1.475,0.717,0,1.419,1.087,0.738,0,2.367,0.465,0.726,0,0,0.46,0.52,0.014,0.845,0.638
2023,050407,CHINESE HOSPITAL,845 JACKSON ST,SAN FRANCISCO,CA,94133,SAN FRANCISCO,0.589,0,NA,NA,0.65,0,NA,NA,0.717,0,NA,NA,0.738,0,NA,NA,0.726,0,NA,NA,0.52,0.014,1.694,0.696
2023,050411,KAISER FOUNDATION HOSPITAL - SOUTH BAY,25825 SOUTH VERMONT AVENUE,HARBOR CITY,CA,90710,LOS ANGELES,0.589,0,0.359,1.128,0.65,0,1.25,1.03,0.717,0,0.961,0.505,0.738,0,NA,NA,0.726,0,1.252,1.328,0.52,0.014,0.271,0.462
2023,050414,MERCY HOSPITAL OF FOLSOM,1650 CREEKSIDE DRIVE,FOLSOM,CA,95630,SACRAMENTO,0.589,0,0.47,1.223,0.65,0,0.372,0.772,0.717,0,0.63,0.703,0.738,0,NA,NA,0.726,0,NA,0.907,0.52,0.014,0.637,0.413
2023,050417,SUTTER COAST HOSPITAL,800 E WASHINGTON BLVD,CRESCENT CITY,CA,95531,DEL NORTE,0.589,0,NA,NA,0.65,0,NA,0.743,0.717,0,NA,NA,0.738,0,NA,NA,0.726,0,NA,NA,0.52,0.014,0.868,0.765
2023,050424,SCRIPPS GREEN HOSPITAL,10666 NORTH TORREY PINES ROAD,LA JOLLA,CA,92037,SAN DIEGO,0.589,0,0.713,2.215,0.65,0,0.67,1.835,0.717,0,0.793,0.488,0.738,0,NA,NA,0.726,0,0.864,0,0.52,0.014,0.576,0.844
2023,050425,KAISER FOUNDATION HOSPITAL - SACRAMENTO,2025 MORSE AVENUE,SACRAMENTO,CA,95825,SACRAMENTO,0.589,0,0.737,1.052,0.65,0,1.196,0.785,0.717,0,1.018,1.973,0.738,0,3.712,1.244,0.726,0,1.091,2.421,0.52,0.014,0.444,0.13
2023,050426,WEST ANAHEIM MEDICAL CENTER,3033 W ORANGE AVENUE,ANAHEIM,CA,92804,ORANGE,0.589,0,2.644,0.423,0.65,0,2.07,1.073,0.717,0,NA,NA,0.738,0,NA,NA,0.726,0,0.733,5.076,0.52,0.014,0.76,0.721
2023,050438,HUNTINGTON HOSPITAL,100 W  CALIFORNIA BLVD,PASADENA,CA,91109,LOS ANGELES,0.589,0,0.226,0.408,0.65,0,1.026,1.448,0.717,0,0.59,0.922,0.738,0,1.402,0,0.726,0,0.173,0.343,0.52,0.014,0.832,0.601
2023,050441,STANFORD HEALTH CARE,300 PASTEUR DRIVE,STANFORD,CA,94305,SANTA CLARA,0.589,0,0.615,1.28,0.65,0,1.285,0.494,0.717,0,1.241,1.227,0.738,0,1.356,1.517,0.726,0,0.513,0.814,0.52,0.014,0.793,0.92
2023,050444,MERCY MEDICAL CENTER,333 MERCY AVENUE,MERCED,CA,95340,MERCED,0.589,0,0.674,1.644,0.65,0,0.776,0.583,0.717,0,0.541,0,0.738,0,NA,NA,0.726,0,1.247,0.519,0.52,0.014,0.194,0.466
2023,050454,UCSF MEDICAL CENTER,"505 PARNASSUS AVE, BOX 0296",SAN FRANCISCO,CA,94143,SAN FRANCISCO,0.589,0,0.762,0.885,0.65,0,1.109,0.84,0.717,0,1.193,0.663,0.738,0,0.35,0.661,0.726,0,0.67,0.672,0.52,0.014,1.158,0.928
2023,050455,ADVENTIST HEALTH BAKERSFIELD,2615 CHESTER AVENUE,BAKERSFIELD,CA,93301,KERN,0.589,0,0.884,1.16,0.65,0,0.266,0.447,0.717,0,0.806,0.649,0.738,0,0,NA,0.726,0,0.507,0.721,0.52,0.014,0.312,0.191
2023,050457,ST MARY'S MEDICAL CENTER,450 STANYAN ST,SAN FRANCISCO,CA,94117,SAN FRANCISCO,0.589,0,0.56,0.495,0.65,0,1.176,0,0.717,0,NA,NA,0.738,0,NA,NA,0.726,0,0.927,0,0.52,0.014,0.787,0.164
2023,050464,DOCTORS MEDICAL CENTER,1441 FLORIDA AVENUE,MODESTO,CA,95350,STANISLAUS,0.589,0,0.097,0.517,0.65,0,0.646,0.314,0.717,0,0.97,0.716,0.738,0,NA,NA,0.726,0,0.844,2.088,0.52,0.014,0.479,0.29
2023,050468,MEMORIAL HOSPITAL OF GARDENA,1145 W REDONDO BEACH BLVD,GARDENA,CA,90247,LOS ANGELES,0.589,0,0,2.045,0.65,0,1.242,0.62,0.717,0,NA,NA,0.738,0,NA,NA,0.726,0,0.845,1.857,0.52,0.014,0.506,0.432
2023,050471,PIH HEALTH GOOD SAMARITAN HOSPITAL,1225 WILSHIRE BOULEVARD,LOS ANGELES,CA,90017,LOS ANGELES,0.589,0,1.674,0.658,0.65,0,1.687,1.408,0.717,0,1.05,0.393,0.738,0,NA,NA,0.726,0,0.794,2.128,0.52,0.014,0.436,1.011
2023,050481,WEST HILLS HOSPITAL & MEDICAL CENTER,7300 MEDICAL CENTER DR,WEST HILLS,CA,91307,LOS ANGELES,0.589,0,1.36,1.72,0.65,0,1.159,1.548,0.717,0,1.039,3.102,0.738,0,NA,NA,0.726,0,1.523,2.953,0.52,0.014,1.341,0.287
2023,050485,MEMORIALCARE LONG BEACH MEDICAL CENTER,2801 ATLANTIC AVE,LONG BEACH,CA,90806,LOS ANGELES,0.589,0,0.478,0.86,0.65,0,0.666,0.858,0.717,0,1.585,1.219,0.738,0,0.405,1.057,0.726,0,1.512,0.774,0.52,0.014,0.62,0.672
2023,050488,EDEN MEDICAL CENTER,20103 LAKE CHABOT ROAD,CASTRO VALLEY,CA,94546,ALAMEDA,0.589,0,1.037,1.108,0.65,0,1.005,0,0.717,0,0.479,0,0.738,0,NA,NA,0.726,0,2.389,0.611,0.52,0.014,0.07,0.181
2023,050492,CLOVIS COMMUNITY MEDICAL CENTER,2755 HERNDON AVE,CLOVIS,CA,93611,FRESNO,0.589,0,1.168,1.237,0.65,0,1.941,0.669,0.717,0,1.468,1.141,0.738,0,1.364,0.857,0.726,0,0,0,0.52,0.014,0.724,0.497
2023,050496,JOHN MUIR MEDICAL CENTER - CONCORD CAMPUS,2540 EAST ST,CONCORD,CA,94520,CONTRA COSTA,0.589,0,0.869,1.211,0.65,0,0.668,0.816,0.717,0,0.86,0.472,0.738,0,NA,NA,0.726,0,1.355,0.492,0.52,0.014,0.757,0.765
2023,050498,SUTTER AUBURN FAITH HOSPITAL,11815 EDUCATION STREET,AUBURN,CA,95603,PLACER,0.589,0,0.843,1.623,0.65,0,NA,NA,0.717,0,0,0,0.738,0,NA,NA,0.726,0,NA,NA,0.52,0.014,0.376,0.464
2023,050503,SCRIPPS MEMORIAL HOSPITAL - ENCINITAS,354 SANTA FE DRIVE,ENCINITAS,CA,92024,SAN DIEGO,0.589,0,1.185,0,0.65,0,1.049,0.579,0.717,0,1.794,0,0.738,0,NA,NA,0.726,0,2.001,0.582,0.52,0.014,0.392,0.514
2023,050506,TENET HEALTH CENTRAL COAST SIERRA VISTA RMC,1010 MURRAY AVENUE,SAN LUIS OBISPO,CA,93405,SAN LUIS OBISPO,0.589,0,0,0.56,0.65,0,1.054,1.379,0.717,0,0,0,0.738,0,NA,NA,0.726,0,NA,NA,0.52,0.014,0.405,0.414
2023,050510,KAISER FOUNDATION HOSPITAL,99 MONTECILLO RD,SAN RAFAEL,CA,94903,MARIN,0.589,0,0,0,0.65,0,1.072,0.937,0.717,0,1.499,1.025,0.738,0,NA,NA,0.726,0,NA,NA,0.52,0.014,0.671,1.044
2023,050512,KAISER FOUNDATION HOSPITAL - FREMONT,39400 PASEO PADRE PKWY,FREMONT,CA,94538,ALAMEDA,0.589,0,1.385,0.968,0.65,0,0.75,1.537,0.717,0,0.54,0.806,0.738,0,NA,NA,0.726,0,NA,NA,0.52,0.014,0.338,0.064
2023,050515,KAISER FOUNDATION HOSPITAL - SAN DIEGO,4647 ZION AVE,SAN DIEGO,CA,92120,SAN DIEGO,0.589,0,0.092,1.108,0.65,0,0.982,1.716,0.717,0,1.655,1.514,0.738,0,0.785,NA,0.726,0,0.163,0.48,0.52,0.014,0.723,0.789
2023,050516,MERCY SAN JUAN MEDICAL CENTER,6501 COYLE AVE,CARMICHAEL,CA,95608,SACRAMENTO,0.589,0,0.425,0.201,0.65,0,0.734,0.178,0.717,0,0.782,0.563,0.738,0,0,0.834,0.726,0,0.451,0.764,0.52,0.014,0.734,0.295
2023,050517,VICTOR VALLEY GLOBAL MEDICAL CENTER,15248 11TH ST,VICTORVILLE,CA,92392,SAN BERNARDINO,0.589,0,1.929,1.176,0.65,0,2.013,0.735,0.717,0,NA,NA,0.738,0,0,NA,0.726,0,0,NA,0.52,0.014,0.225,0
2023,050523,SUTTER DELTA MEDICAL CENTER,3901 LONE TREE WAY,ANTIOCH,CA,94509,CONTRA COSTA,0.589,0,0.795,0.914,0.65,0,0.484,0,0.717,0,0,0,0.738,0,NA,NA,0.726,0,0.998,2.804,0.52,0.014,0.593,0.469
2023,050526,HUNTINGTON BEACH HOSPITAL,17772 BEACH BLVD,HUNTINGTON BEACH,CA,92647,ORANGE,0.589,0,NA,3.937,0.65,0,0,2.53,0.717,0,NA,NA,0.738,0,NA,NA,0.726,0,NA,NA,0.52,0.014,2.745,0.924
2023,050528,MEMORIAL HOSPITAL LOS BANOS,520 WEST I ST,LOS BANOS,CA,93635,MERCED,0.589,0,NA,NA,0.65,0,NA,NA,0.717,0,NA,NA,0.738,0,NA,NA,0.726,0,NA,NA,0.52,0.014,0,0
2023,050534,JOHN F KENNEDY MEMORIAL HOSPITAL,47111 MONROE STREET,INDIO,CA,92201,RIVERSIDE,0.589,0,1.605,2.03,0.65,0,0.476,0.369,0.717,0,NA,NA,0.738,0,NA,NA,0.726,0,NA,NA,0.52,0.014,0.799,0.406
2023,050537,SUTTER DAVIS HOSPITAL,2000 SUTTER PLACE,DAVIS,CA,95616,YOLO,0.589,0,NA,NA,0.65,0,NA,NA,0.717,0,NA,NA,0.738,0,NA,NA,0.726,0,NA,NA,0.52,0.014,0.879,0.212
2023,050541,KAISER FOUNDATION HOSPITAL - REDWOOD CITY,1100 VETERANS BOULEVARD,REDWOOD CITY,CA,94063,SAN MATEO,0.589,0,1.836,0,0.65,0,0.913,0.167,0.717,0,0.618,1.252,0.738,0,NA,NA,0.726,0,0.997,0.699,0.52,0.014,0,0.062
2023,050549,LOS ROBLES HOSPITAL & MEDICAL CENTER,215 W JANSS RD,THOUSAND OAKS,CA,91360,VENTURA,0.589,0,0.151,0.786,0.65,0,0.517,1.325,0.717,0,2.162,1.334,0.738,0,NA,NA,0.726,0,0.919,0.269,0.52,0.014,0.456,0.691
2023,050551,LOS ALAMITOS MEDICAL CENTER,3751 KATELLA AVENUE,LOS ALAMITOS,CA,90720,ORANGE,0.589,0,0.9,5.441,0.65,0,2.055,1.505,0.717,0,0.947,0.951,0.738,0,NA,NA,0.726,0,2.11,2.792,0.52,0.014,0.825,0.694
2023,050557,MEMORIAL MEDICAL CENTER,1700 COFFEE RD,MODESTO,CA,95355,STANISLAUS,0.589,0,0.259,1.086,0.65,0,0.311,0.696,0.717,0,0.148,1.085,0.738,0,NA,NA,0.726,0,0.929,0.734,0.52,0.014,0.244,0.296
2023,050561,KAISER FOUNDATION HOSPITAL - WEST LA,6041 CADILLAC AVE,LOS ANGELES,CA,90034,LOS ANGELES,0.589,0,1.095,0.979,0.65,0,0.917,2.939,0.717,0,0.711,0.252,0.738,0,NA,NA,0.726,0,0,2.049,0.52,0.014,0.586,0.604
2023,050567,PROVIDENCE MISSION HOSPITAL,27700 MEDICAL CENTER RD,MISSION VIEJO,CA,92691,ORANGE,0.589,0,1.002,1.656,0.65,0,1.029,0.29,0.717,0,0.261,0.556,0.738,0,NA,NA,0.726,0,0.969,0.529,0.52,0.014,0.505,0.745
2023,050570,FOUNTAIN VALLEY REGIONAL HOSPITAL & MEDICAL CENTER,17100 EUCLID STREET,FOUNTAIN VALLEY,CA,92708,ORANGE,0.589,0,0.711,1.357,0.65,0,0.665,3.433,0.717,0,1.598,1.49,0.738,0,NA,0,0.726,0,0.67,1.345,0.52,0.014,0.569,0.677
2023,050573,EISENHOWER MEDICAL CENTER,39-000 BOB HOPE DRIVE,RANCHO MIRAGE,CA,92270,RIVERSIDE,0.589,0,0.244,1.264,0.65,0,0.451,0.566,0.717,0,0.565,1.615,0.738,0,0.73,NA,0.726,0,1.029,0.945,0.52,0.014,0.852,0.377
2023,050580,LA PALMA INTERCOMMUNITY HOSPITAL,7901 WALKER STREET,LA PALMA,CA,90623,ORANGE,0.589,0,NA,NA,0.65,0,NA,0.862,0.717,0,NA,NA,0.738,0,NA,NA,0.726,0,NA,NA,0.52,0.014,0.199,0.733
2023,050581,LAKEWOOD REGIONAL MEDICAL CENTER,3700 E SOUTH ST,LAKEWOOD,CA,90712,LOS ANGELES,0.589,0,0.991,1.368,0.65,0,1.009,0.812,0.717,0,NA,0,0.738,0,NA,NA,0.726,0,0.501,0.381,0.52,0.014,0.805,0.57
2023,050586,CHINO VALLEY MEDICAL CENTER,5451 WALNUT AVE,CHINO,CA,91710,SAN BERNARDINO,0.589,0,NA,0.793,0.65,0,NA,1.313,0.717,0,NA,NA,0.738,0,NA,NA,0.726,0,NA,NA,0.52,0.014,0.676,0.927
2023,050588,SAN DIMAS COMMUNITY HOSPITAL,1350 W COVINA BLVD,SAN DIMAS,CA,91773,LOS ANGELES,0.589,0,0,0.771,0.65,0,0,0.31,0.717,0,NA,NA,0.738,0,NA,NA,0.726,0,NA,NA,0.52,0.014,0,0
2023,050589,PLACENTIA LINDA HOSPITAL,1301 N ROSE DRIVE,PLACENTIA,CA,92870,ORANGE,0.589,0,NA,NA,0.65,0,1.794,1.919,0.717,0,0.581,1.461,0.738,0,NA,NA,0.726,0,NA,NA,0.52,0.014,0.821,0.31
2023,050590,METHODIST HOSPITAL OF SACRAMENTO,7500 HOSPITAL DRIVE,SACRAMENTO,CA,95823,SACRAMENTO,0.589,0,1.983,2.446,0.65,0,1.406,0.476,0.717,0,0.814,NA,0.738,0,NA,NA,0.726,0,3.523,0,0.52,0.014,0.784,0.062
2023,050597,EMANATE HEALTH FOOTHILL PRESBYTERIAN HOSPITAL,250 S GRAND AVE,GLENDORA,CA,91740,LOS ANGELES,0.589,0,0.253,0,0.65,0,1.516,0.286,0.717,0,1.746,0,0.738,0,NA,NA,0.726,0,NA,NA,0.52,0.014,0.877,0.903
2023,050599,UNIVERSITY OF CALIFORNIA DAVIS MEDICAL CENTER,2315 STOCKTON BOULEVARD,SACRAMENTO,CA,95817,SACRAMENTO,0.589,0,0.421,0.544,0.65,0,0.544,0.91,0.717,0,1.513,1.241,0.738,0,1.818,1.245,0.726,0,0.872,1.133,0.52,0.014,0.744,0.534
2023,050603,MEMORIALCARE SADDLEBACK MEDICAL CENTER,24451 HEALTH CENTER DRIVE,LAGUNA HILLS,CA,92653,ORANGE,0.589,0,0.601,1.382,0.65,0,0.868,0.572,0.717,0,0.28,0.598,0.738,0,0.841,NA,0.726,0,1.155,2.556,0.52,0.014,0.578,0.561
2023,050604,KAISER FOUNDATION HOSPITAL-SAN JOSE,250 HOSPITAL PARKWAY,SAN JOSE,CA,95119,SANTA CLARA,0.589,0,0.776,0.446,0.65,0,1.626,0.387,0.717,0,0.963,2.029,0.738,0,NA,NA,0.726,0,0.482,0.43,0.52,0.014,0.713,0.599
2023,050608,ADVENTIST HEALTH DELANO,1401 GARCES HIGHWAY,DELANO,CA,93215,KERN,0.589,0,NA,1.906,0.65,0,1.516,1.667,0.717,0,NA,NA,0.738,0,NA,NA,0.726,0,NA,NA,0.52,0.014,0,0
2023,050609,KAISER FOUNDATION HOSPITAL - ORANGE COUNTY - ANAHEIM,3440 E LA PALMA AVE,ANAHEIM,CA,92806,ORANGE,0.589,0,0.318,0.933,0.65,0,0.667,0.696,0.717,0,0.746,0.877,0.738,0,0.402,0.635,0.726,0,0.689,1.362,0.52,0.014,1.051,0.451
2023,050624,HENRY MAYO NEWHALL  HOSPITAL,23845  MCBEAN PKWY,VALENCIA,CA,91355,LOS ANGELES,0.589,0,1.25,2.037,0.65,0,0.516,0.639,0.717,0,1.416,0.475,0.738,0,NA,NA,0.726,0,0.344,2.972,0.52,0.014,0.538,0.298
2023,050625,CEDARS-SINAI MEDICAL CENTER,8700 BEVERLY BLVD,LOS ANGELES,CA,90048,LOS ANGELES,0.589,0,0.607,1.012,0.65,0,1.197,0.928,0.717,0,1.137,1.83,0.738,0,1.271,0.543,0.726,0,0.602,0.668,0.52,0.014,0.721,0.84
2023,050633,TENET HEALTH CENTRAL TWIN CITIES COMMUNITY HOSP,1100 LAS TABLAS RD,TEMPLETON,CA,93465,SAN LUIS OBISPO,0.589,0,NA,NA,0.65,0,0.698,1.177,0.717,0,NA,NA,0.738,0,NA,NA,0.726,0,NA,NA,0.52,0.014,0.481,0.852
2023,050636,PALOMAR MEDICAL CENTER POWAY,15615 POMERADO ROAD,POWAY,CA,92064,SAN DIEGO,0.589,0,1.318,2.266,0.65,0,0,1.102,0.717,0,0,0,0.738,0,NA,NA,0.726,0,0.881,NA,0.52,0.014,0.677,0.26
2023,050641,EAST LOS ANGELES DOCTORS HOSPITAL,4060 WHITTIER BLVD,LOS ANGELES,CA,90023,LOS ANGELES,0.589,0,NA,NA,0.65,0,NA,NA,0.717,0,NA,NA,0.738,0,NA,NA,0.726,0,NA,NA,0.52,0.014,0.164,1
2023,050663,LOS ANGELES COMMUNITY HOSPITAL,4081 E OLYMPIC BLVD,LOS ANGELES,CA,90023,LOS ANGELES,0.589,0,0.783,0,0.65,0,1.979,0.473,0.717,0,NA,NA,0.738,0,NA,NA,0.726,0,2.421,6.303,0.52,0.014,0.692,0.085
2023,050674,KAISER FOUNDATION HOSP SO SACRAMENTO,6600 BRUCEVILLE ROAD,SACRAMENTO,CA,95823,SACRAMENTO,0.589,0,0.495,0.612,0.65,0,1.042,0.638,0.717,0,1.193,0.906,0.738,0,NA,NA,0.726,0,1.941,1.594,0.52,0.014,0.532,0.623
2023,050677,KAISER FOUNDATION HOSPITAL - WOODLAND HILLS,5601 DE SOTO AVENUE,WOODLAND HILLS,CA,91367,LOS ANGELES,0.589,0,0.39,2.936,0.65,0,1.83,3.717,0.717,0,0.745,1.413,0.738,0,NA,NA,0.726,0,0.647,2.761,0.52,0.014,0.317,0.76
2023,050678,MEMORIALCARE ORANGE COAST MEDICAL CENTER,9920 TALBERT AVENUE,FOUNTAIN VALLEY,CA,92708,ORANGE,0.589,0,0.381,0.429,0.65,0,0.328,0.12,0.717,0,0.496,0.396,0.738,0,0,2.41,0.726,0,0,0,0.52,0.014,0.488,0.633
2023,050684,MENIFEE GLOBAL MEDICAL CENTER,28400 MCCALL BOULEVARD,SUN CITY,CA,92585,RIVERSIDE,0.589,0,NA,NA,0.65,0,0.53,0,0.717,0,NA,NA,0.738,0,NA,NA,0.726,0,NA,NA,0.52,0.014,0.153,0
2023,050686,"KAISER FOUNDATION HOSPITAL, RIVERSIDE",10800 MAGNOLIA AVENUE,RIVERSIDE,CA,92505,RIVERSIDE,0.589,0,0.492,0.85,0.65,0,1.767,0.874,0.717,0,0.633,0.609,0.738,0,0.711,NA,0.726,0,0,1.551,0.52,0.014,0.563,0.386
2023,050689,SAN RAMON REGIONAL MEDICAL CENTER,6001 NORRIS CANYON ROAD,SAN RAMON,CA,94583,CONTRA COSTA,0.589,0,3.906,NA,0.65,0,0.713,NA,0.717,0,1.574,0.769,0.738,0,NA,NA,0.726,0,NA,NA,0.52,0.014,0.481,0.476
2023,050690,KAISER FOUNDATION HOSPITAL-SANTA ROSA,401 BICENTENNIAL WAY,SANTA ROSA,CA,95403,SONOMA,0.589,0,0.421,0.587,0.65,0,0.768,0.54,0.717,0,0.36,1.01,0.738,0,NA,NA,0.726,0,1.133,0,0.52,0.014,0.521,0.321
2023,050696,KECK HOSPITAL OF USC,1500 SAN PABLO STREET,LOS ANGELES,CA,90033,LOS ANGELES,0.589,0,0.858,0.495,0.65,0,0.938,0.854,0.717,0,1.102,0.555,0.738,0,0,0.867,0.726,0,0.91,1.363,0.52,0.014,0.953,1.08
2023,050701,SOUTHWEST HEALTHCARE SYSTEM,25500 MEDICAL CENTER DRIVE,MURRIETA,CA,92562,RIVERSIDE,0.589,0,2.497,0.576,0.65,0,2.748,1.692,0.717,0,0.404,0.412,0.738,0,NA,NA,0.726,0,1.704,2.031,0.52,0.014,0.707,1.232
2023,050709,DESERT VALLEY HOSPITAL,16850 BEAR VALLEY RD,VICTORVILLE,CA,92395,SAN BERNARDINO,0.589,0,0.39,0.239,0.65,0,0.352,0.853,0.717,0,NA,NA,0.738,0,NA,NA,0.726,0,0.625,0,0.52,0.014,0.599,0.616
2023,050710,KAISER FOUNDATION HOSPITAL - FRESNO,7300 NORTH FRESNO ST,FRESNO,CA,93720,FRESNO,0.589,0,0.72,0.978,0.65,0,1.21,0.89,0.717,0,0,0.601,0.738,0,NA,NA,0.726,0,0.663,0.962,0.52,0.014,0.619,0.277
2023,050717,LAC/RANCHO LOS AMIGOS NATIONAL REHABILITATION  CTR,7601 EAST IMPERIAL HIGHWAY,DOWNEY,CA,90242,LOS ANGELES,0.589,0,0.304,0,0.65,0,NA,0,0.717,0,NA,NA,0.738,0,NA,NA,0.726,0,NA,0,0.52,0.014,0.98,0.447
2023,050723,KAISER FOUNDATION HOSPITAL - BALDWIN PARK,1011 BALDWIN PARK BLVD,BALDWIN PARK,CA,91706,LOS ANGELES,0.589,0,0.958,0.469,0.65,0,0.79,1.697,0.717,0,0,0.199,0.738,0,0,NA,0.726,0,0.451,1.782,0.52,0.014,0.934,0.47
2023,050724,BAKERSFIELD HEART HOSPITAL,3001 SILLECT AVENUE,BAKERSFIELD,CA,93308,KERN,0.589,0,0,7.147,0.65,0,0,0.931,0.717,0,NA,NA,0.738,0,NA,NA,0.726,0,NA,NA,0.52,0.014,1.266,0.538
2023,050735,WHITTIER HOSPITAL MEDICAL CENTER,9080 COLIMA RD,WHITTIER,CA,90605,LOS ANGELES,0.589,0,0.897,0.562,0.65,0,0,0.336,0.717,0,NA,NA,0.738,0,NA,NA,0.726,0,0,NA,0.52,0.014,0.205,0.181
2023,050736,MONTEREY PARK HOSPITAL,900 S ATLANTIC BLVD,MONTEREY PARK,CA,91754,LOS ANGELES,0.589,0,NA,2.865,0.65,0,0.875,0,0.717,0,NA,NA,0.738,0,NA,NA,0.726,0,NA,NA,0.52,0.014,2.741,0.547
2023,050737,GARFIELD MEDICAL CENTER,525 N GARFIELD AVE,MONTEREY PARK,CA,91754,LOS ANGELES,0.589,0,1.958,1.705,0.65,0,0.94,0.775,0.717,0,0,1.075,0.738,0,0,NA,0.726,0,0.856,0.737,0.52,0.014,0.739,0.736
2023,050738,GREATER EL MONTE COMMUNITY HOSPITAL,1701 SANTA ANITA AVE,SOUTH EL MONTE,CA,91733,LOS ANGELES,0.589,0,0,0,0.65,0,0,0,0.717,0,NA,NA,0.738,0,NA,NA,0.726,0,NA,NA,0.52,0.014,0.97,0.119
2023,050739,CENTINELA HOSPITAL MEDICAL CENTER,555 EAST HARDY STREET,INGLEWOOD,CA,90301,LOS ANGELES,0.589,0,0,0.26,0.65,0,0.169,0.12,0.717,0,0,0,0.738,0,NA,NA,0.726,0,1.802,2.093,0.52,0.014,0.052,0.053
2023,050740,CEDAR-SINAI MARINA DEL REY HOSPITAL,4650 LINCOLN BLVD,MARINA DEL REY,CA,90291,LOS ANGELES,0.589,0,0,0,0.65,0,0.473,0,0.717,0,NA,0.658,0.738,0,NA,NA,0.726,0,NA,NA,0.52,0.014,0.756,0.994
2023,050745,CHAPMAN GLOBAL MEDICAL CENTER,2601 E CHAPMAN AVE,ORANGE,CA,92869,ORANGE,0.589,0,NA,NA,0.65,0,0,0,0.717,0,NA,NA,0.738,0,NA,NA,0.726,0,NA,NA,0.52,0.014,0.408,0.589
2023,050746,ORANGE COUNTY GLOBAL MEDICAL CENTER,1001 NORTH TUSTIN AVENUE,SANTA ANA,CA,92705,ORANGE,0.589,0,0.825,1.299,0.65,0,1.79,0.927,0.717,0,1.33,0.546,0.738,0,NA,NA,0.726,0,0.351,0.681,0.52,0.014,0.646,0.647
2023,050747,COASTAL COMMUNITIES HOSPITAL,2701 S BRISTOL ST,SANTA ANA,CA,92704,ORANGE,0.589,0,1.619,0.948,0.65,0,1.447,0,0.717,0,NA,NA,0.738,0,NA,NA,0.726,0,NA,NA,0.52,0.014,0.252,0
2023,050748,KAISER FOUNDATION HOSPITAL MANTECA,1777 WEST YOSEMITE AVE,MANTECA,CA,95337,SAN JOAQUIN,0.589,0,0.909,1.255,0.65,0,1.139,2.433,0.717,0,0.261,0.364,0.738,0,NA,NA,0.726,0,1.744,0.426,0.52,0.014,0.348,0.347
2023,050755,SHERMAN OAKS HOSPITAL,4929 VAN NUYS BLVD,SHERMAN OAKS,CA,91403,LOS ANGELES,0.589,0,0,0,0.65,0,0.516,0,0.717,0,NA,NA,0.738,0,NA,NA,0.726,0,NA,NA,0.52,0.014,0.299,0.441
2023,050757,ALVARADO HOSPITAL MEDICAL CENTER,6655 ALVARADO ROAD,SAN DIEGO,CA,92120,SAN DIEGO,0.589,0,0.47,0.456,0.65,0,1.208,1.037,0.717,0,NA,NA,0.738,0,NA,NA,0.726,0,1.506,2.809,0.52,0.014,1.491,3.099
2023,050758,MONTCLAIR HOSPITAL MEDICAL CENTER,5000 SAN BERNARDINO ST,MONTCLAIR,CA,91763,SAN BERNARDINO,0.589,0,2.907,1.441,0.65,0,0.858,0,0.717,0,NA,NA,0.738,0,NA,NA,0.726,0,NA,NA,0.52,0.014,0.585,1.384
2023,050760,KAISER FOUNDATION HOSPITAL - ANTIOCH,4501 SAND CREEK ROAD,ANTIOCH,CA,94531,CONTRA COSTA,0.589,0,1.062,0.551,0.65,0,0,1.119,0.717,0,2.014,0.937,0.738,0,NA,NA,0.726,0,NA,0,0.52,0.014,0.233,0.584
2023,050761,PROVIDENCE CEDARS SINAI TARZANA MEDICAL CENTER,18321 CLARK STREET,TARZANA,CA,91356,LOS ANGELES,0.589,0,0.2,0.745,0.65,0,1.062,1.277,0.717,0,0.859,0.619,0.738,0,0,0.697,0.726,0,0,1.29,0.52,0.014,0.154,0.258
2023,050763,"L A DOWNTOWN MEDICAL CENTER, LLC",1711 WEST TEMPLE STREET,LOS ANGELES,CA,90026,LOS ANGELES,0.589,0,0,0,0.65,0,0.687,0,0.717,0,NA,NA,0.738,0,NA,NA,0.726,0,NA,NA,0.52,0.014,0.174,0.131
2023,050764,SHASTA REGIONAL MEDICAL CENTER,1100 BUTTE ST,REDDING,CA,96001,SHASTA,0.589,0,1.405,1.033,0.65,0,0.684,1.403,0.717,0,0,0.829,0.738,0,NA,NA,0.726,0,0.63,5.168,0.52,0.014,0.125,0.467
2023,050767,KAISER FOUNDATION HOSPITAL - VACAVILLE,1 QUALITY DRIVE,VACAVILLE,CA,95688,SOLANO,0.589,0,1.698,0.291,0.65,0,1.025,2.121,0.717,0,0.588,1.69,0.738,0,NA,NA,0.726,0,0,0,0.52,0.014,0.588,0.615
2023,050770,LOMA LINDA UNIVERSITY MEDICAL CENTER-MURRIETA,28062 BAXTER ROAD,MURRIETA,CA,92563,RIVERSIDE,0.589,0,0.462,1.946,0.65,0,0.444,0.602,0.717,0,1.135,0,0.738,0,NA,NA,0.726,0,0,2.434,0.52,0.014,0.928,0.549
2023,050771,COAST PLAZA HOSPITAL,13100 STUDERBAKER ROAD,NORWALK,CA,90650,LOS ANGELES,0.589,0,0,0.77,0.65,0,0,2.981,0.717,0,NA,NA,0.738,0,NA,NA,0.726,0,NA,NA,0.52,0.014,2.255,0.989
2023,050772,KAISER FOUNDATION HOSPITAL - ROSEVILLE,1600 EUREKA ROAD,ROSEVILLE,CA,95661,PLACER,0.589,0,0.627,0.574,0.65,0,0.187,0.398,0.717,0,0.576,0.672,0.738,0,NA,NA,0.726,0,0,1.128,0.52,0.014,0.487,0.358
2023,050775,TEMECULA VALLEY HOSPITAL,31700 TEMECULA PKWY,TEMECULA,CA,92592,RIVERSIDE,0.589,0,0,0.863,0.65,0,0.71,1.644,0.717,0,0.434,0,0.738,0,NA,NA,0.726,0,1.384,0.481,0.52,0.014,0.448,0.617
2023,050776,COLLEGE MEDICAL CENTER,2776 PACIFIC AVENUE,LONG BEACH,CA,90806,LOS ANGELES,0.589,0,2.16,0.721,0.65,0,1.754,1.647,0.717,0,NA,NA,0.738,0,NA,NA,0.726,0,2.199,1.066,0.52,0.014,0.789,0.217
2023,050777,KAISER FOUNDATION HOSPITAL - SAN LEANDRO,2500 MERCED STREET,SAN LEANDRO,CA,94577,ALAMEDA,0.589,0,1.245,1.061,0.65,0,0.38,0.43,0.717,0,2.977,1.106,0.738,0,NA,NA,0.726,0,2.081,0.369,0.52,0.014,0.147,0.157
2023,050779,"MARTIN LUTHER KING, JR. COMMUNITY HOSPITAL",1680 EAST 120TH STREET,LOS ANGELES,CA,90059,LOS ANGELES,0.589,0,0,0,0.65,0,0,NA,0.717,0,NA,NA,0.738,0,NA,NA,0.726,0,0.876,0,0.52,0.014,0.294,0.126
2023,050782,CASA COLINA HOSPITAL,255 E BONITA AVE,POMONA,CA,91767,LOS ANGELES,0.589,0,NA,NA,0.65,0,NA,NA,0.717,0,NA,NA,0.738,0,NA,NA,0.726,0,NA,NA,0.52,0.014,0.552,0
