facility_id,facility_name,address,city_town,state,zip_code,county_parish,telephone_number,hcahps_measure_id,hcahps_question,hcahps_answer_description,patient_survey_star_rating,patient_survey_star_rating_footnote,hcahps_answer_percent,hcahps_answer_percent_footnote,hcahps_linear_mean_value,number_of_completed_surveys,number_of_completed_surveys_footnote,survey_response_rate_percent,survey_response_rate_percent_footnote,start_date,end_date
050146,CITY OF HOPE HELFORD CLINICAL RESEARCH HOSPITAL,1500 E DUARTE ROAD,DUARTE,CA,91010,LOS ANGELES,(626) 359-8111,H_COMP_1_A_P,"Patients who reported that their nurses ""Always"" communicated well","Nurses ""always"" communicated well",NA,,84,,NA,207,,19,,2022-01-01,2022-12-31
050146,CITY OF HOPE HELFORD CLINICAL RESEARCH HOSPITAL,1500 E DUARTE ROAD,DUARTE,CA,91010,LOS ANGELES,(626) 359-8111,H_COMP_1_SN_P,"Patients who reported that their nurses ""Sometimes"" or ""Never"" communicated well","Nurses ""sometimes"" or ""never"" communicated well",NA,,2,,NA,207,,19,,2022-01-01,2022-12-31
050146,CITY OF HOPE HELFORD CLINICAL RESEARCH HOSPITAL,1500 E DUARTE ROAD,DUARTE,CA,91010,LOS ANGELES,(626) 359-8111,H_COMP_1_U_P,"Patients who reported that their nurses ""Usually"" communicated well","Nurses ""usually"" communicated well",NA,,14,,NA,207,,19,,2022-01-01,2022-12-31
050146,CITY OF HOPE HELFORD CLINICAL RESEARCH HOSPITAL,1500 E DUARTE ROAD,DUARTE,CA,91010,LOS ANGELES,(626) 359-8111,H_COMP_1_LINEAR_SCORE,Nurse communication - linear mean score,Nurse communication - linear mean score,NA,,NA,,94,207,,19,,2022-01-01,2022-12-31
050146,CITY OF HOPE HELFORD CLINICAL RESEARCH HOSPITAL,1500 E DUARTE ROAD,DUARTE,CA,91010,LOS ANGELES,(626) 359-8111,H_COMP_1_STAR_RATING,Nurse communication - star rating,Nurse communication - star rating,5,,NA,,NA,207,,19,,2022-01-01,2022-12-31
050146,CITY OF HOPE HELFORD CLINICAL RESEARCH HOSPITAL,1500 E DUARTE ROAD,DUARTE,CA,91010,LOS ANGELES,(626) 359-8111,H_NURSE_RESPECT_A_P,"Patients who reported that their nurses ""Always"" treated them with courtesy and respect","Nurses ""always"" treated them with courtesy and  respect",NA,,91,,NA,207,,19,,2022-01-01,2022-12-31
050146,CITY OF HOPE HELFORD CLINICAL RESEARCH HOSPITAL,1500 E DUARTE ROAD,DUARTE,CA,91010,LOS ANGELES,(626) 359-8111,H_NURSE_RESPECT_SN_P,"Patients who reported that their nurses ""Sometimes"" or ""Never""  treated them with courtesy and respect","Nurses ""sometimes"" or ""never"" treated them with courtesy and  respect",NA,,1,,NA,207,,19,,2022-01-01,2022-12-31
050146,CITY OF HOPE HELFORD CLINICAL RESEARCH HOSPITAL,1500 E DUARTE ROAD,DUARTE,CA,91010,LOS ANGELES,(626) 359-8111,H_NURSE_RESPECT_U_P,"Patients who reported that their nurses ""Usually""  treated them with courtesy and respect","Nurses ""usually""  treated them with courtesy and  respect",NA,,8,,NA,207,,19,,2022-01-01,2022-12-31
050146,CITY OF HOPE HELFORD CLINICAL RESEARCH HOSPITAL,1500 E DUARTE ROAD,DUARTE,CA,91010,LOS ANGELES,(626) 359-8111,H_NURSE_LISTEN_A_P,"Patients who reported that their nurses ""Always"" listened carefully to them","Nurses ""always"" listened carefully",NA,,85,,NA,207,,19,,2022-01-01,2022-12-31
050146,CITY OF HOPE HELFORD CLINICAL RESEARCH HOSPITAL,1500 E DUARTE ROAD,DUARTE,CA,91010,LOS ANGELES,(626) 359-8111,H_NURSE_LISTEN_SN_P,"Patients who reported that their nurses ""Sometimes"" or ""Never"" listened carefully to them","Nurses ""sometimes"" or ""never"" listened carefully",NA,,2,,NA,207,,19,,2022-01-01,2022-12-31
050146,CITY OF HOPE HELFORD CLINICAL RESEARCH HOSPITAL,1500 E DUARTE ROAD,DUARTE,CA,91010,LOS ANGELES,(626) 359-8111,H_NURSE_LISTEN_U_P,"Patients who reported that their nurses ""Usually"" listened carefully to them","Nurses ""usually"" listened carefully",NA,,13,,NA,207,,19,,2022-01-01,2022-12-31
050146,CITY OF HOPE HELFORD CLINICAL RESEARCH HOSPITAL,1500 E DUARTE ROAD,DUARTE,CA,91010,LOS ANGELES,(626) 359-8111,H_NURSE_EXPLAIN_A_P,"Patients who reported that their nurses ""Always"" explained things in a way they could understand","Nurses ""always"" explained things so they could understand",NA,,77,,NA,207,,19,,2022-01-01,2022-12-31
050146,CITY OF HOPE HELFORD CLINICAL RESEARCH HOSPITAL,1500 E DUARTE ROAD,DUARTE,CA,91010,LOS ANGELES,(626) 359-8111,H_NURSE_EXPLAIN_SN_P,"Patients who reported that their nurses ""Sometimes"" or ""Never"" explained things in a way they could understand","Nurses ""sometimes"" or ""never"" explained things so they could understand",NA,,3,,NA,207,,19,,2022-01-01,2022-12-31
050146,CITY OF HOPE HELFORD CLINICAL RESEARCH HOSPITAL,1500 E DUARTE ROAD,DUARTE,CA,91010,LOS ANGELES,(626) 359-8111,H_NURSE_EXPLAIN_U_P,"Patients who reported that their nurses ""Usually"" explained things in a way they could understand","Nurses ""usually"" explained things so they could understand",NA,,20,,NA,207,,19,,2022-01-01,2022-12-31
050146,CITY OF HOPE HELFORD CLINICAL RESEARCH HOSPITAL,1500 E DUARTE ROAD,DUARTE,CA,91010,LOS ANGELES,(626) 359-8111,H_COMP_2_A_P,"Patients who reported that their doctors ""Always"" communicated well","Doctors ""always"" communicated well",NA,,85,,NA,207,,19,,2022-01-01,2022-12-31
050146,CITY OF HOPE HELFORD CLINICAL RESEARCH HOSPITAL,1500 E DUARTE ROAD,DUARTE,CA,91010,LOS ANGELES,(626) 359-8111,H_COMP_2_SN_P,"Patients who reported that their doctors ""Sometimes"" or ""Never"" communicated well","Doctors ""sometimes"" or ""never"" communicated well",NA,,3,,NA,207,,19,,2022-01-01,2022-12-31
050146,CITY OF HOPE HELFORD CLINICAL RESEARCH HOSPITAL,1500 E DUARTE ROAD,DUARTE,CA,91010,LOS ANGELES,(626) 359-8111,H_COMP_2_U_P,"Patients who reported that their doctors ""Usually"" communicated well","Doctors ""usually"" communicated well",NA,,12,,NA,207,,19,,2022-01-01,2022-12-31
050146,CITY OF HOPE HELFORD CLINICAL RESEARCH HOSPITAL,1500 E DUARTE ROAD,DUARTE,CA,91010,LOS ANGELES,(626) 359-8111,H_COMP_2_LINEAR_SCORE,Doctor communication - linear mean score,Doctor communication - linear mean score,NA,,NA,,94,207,,19,,2022-01-01,2022-12-31
050146,CITY OF HOPE HELFORD CLINICAL RESEARCH HOSPITAL,1500 E DUARTE ROAD,DUARTE,CA,91010,LOS ANGELES,(626) 359-8111,H_COMP_2_STAR_RATING,Doctor communication - star rating,Doctor communication - star rating,5,,NA,,NA,207,,19,,2022-01-01,2022-12-31
050146,CITY OF HOPE HELFORD CLINICAL RESEARCH HOSPITAL,1500 E DUARTE ROAD,DUARTE,CA,91010,LOS ANGELES,(626) 359-8111,H_DOCTOR_RESPECT_A_P,"Patients who reported that their doctors ""Always"" treated them with courtesy and respect","Doctors ""always"" treated them with courtesy and  respect",NA,,90,,NA,207,,19,,2022-01-01,2022-12-31
050146,CITY OF HOPE HELFORD CLINICAL RESEARCH HOSPITAL,1500 E DUARTE ROAD,DUARTE,CA,91010,LOS ANGELES,(626) 359-8111,H_DOCTOR_RESPECT_SN_P,"Patients who reported that their doctors ""Sometimes"" or ""Never""  treated them with courtesy and respect","Doctors ""sometimes"" or ""never"" treated them with courtesy and  respect",NA,,1,,NA,207,,19,,2022-01-01,2022-12-31
050146,CITY OF HOPE HELFORD CLINICAL RESEARCH HOSPITAL,1500 E DUARTE ROAD,DUARTE,CA,91010,LOS ANGELES,(626) 359-8111,H_DOCTOR_RESPECT_U_P,"Patients who reported that their doctors ""Usually""  treated them with courtesy and respect","Doctors ""usually""  treated them with courtesy and  respect",NA,,9,,NA,207,,19,,2022-01-01,2022-12-31
050146,CITY OF HOPE HELFORD CLINICAL RESEARCH HOSPITAL,1500 E DUARTE ROAD,DUARTE,CA,91010,LOS ANGELES,(626) 359-8111,H_DOCTOR_LISTEN_A_P,"Patients who reported that their doctors ""Always"" listened carefully to them","Doctors ""always"" listened carefully",NA,,87,,NA,207,,19,,2022-01-01,2022-12-31
050146,CITY OF HOPE HELFORD CLINICAL RESEARCH HOSPITAL,1500 E DUARTE ROAD,DUARTE,CA,91010,LOS ANGELES,(626) 359-8111,H_DOCTOR_LISTEN_SN_P,"Patients who reported that their doctors ""Sometimes"" or ""Never"" listened carefully to them","Doctors ""sometimes"" or ""never"" listened carefully",NA,,3,,NA,207,,19,,2022-01-01,2022-12-31
050146,CITY OF HOPE HELFORD CLINICAL RESEARCH HOSPITAL,1500 E DUARTE ROAD,DUARTE,CA,91010,LOS ANGELES,(626) 359-8111,H_DOCTOR_LISTEN_U_P,"Patients who reported that their doctors ""Usually"" listened carefully to them","Doctors ""usually"" listened carefully",NA,,10,,NA,207,,19,,2022-01-01,2022-12-31
050146,CITY OF HOPE HELFORD CLINICAL RESEARCH HOSPITAL,1500 E DUARTE ROAD,DUARTE,CA,91010,LOS ANGELES,(626) 359-8111,H_DOCTOR_EXPLAIN_A_P,"Patients who reported that their doctors ""Always"" explained things in a way they could understand","Doctors ""always"" explained things so they could understand",NA,,78,,NA,207,,19,,2022-01-01,2022-12-31
050146,CITY OF HOPE HELFORD CLINICAL RESEARCH HOSPITAL,1500 E DUARTE ROAD,DUARTE,CA,91010,LOS ANGELES,(626) 359-8111,H_DOCTOR_EXPLAIN_SN_P,"Patients who reported that their doctors ""Sometimes"" or ""Never"" explained things in a way they could understand","Doctors ""sometimes"" or ""never"" explained things so they could understand",NA,,4,,NA,207,,19,,2022-01-01,2022-12-31
050146,CITY OF HOPE HELFORD CLINICAL RESEARCH HOSPITAL,1500 E DUARTE ROAD,DUARTE,CA,91010,LOS ANGELES,(626) 359-8111,H_DOCTOR_EXPLAIN_U_P,"Patients who reported that their doctors ""Usually"" explained things in a way they could understand","Doctors ""usually"" explained things so they could understand",NA,,18,,NA,207,,19,,2022-01-01,2022-12-31
050146,CITY OF HOPE HELFORD CLINICAL RESEARCH HOSPITAL,1500 E DUARTE ROAD,DUARTE,CA,91010,LOS ANGELES,(626) 359-8111,H_COMP_3_A_P,"Patients who reported that they ""Always"" received help as soon as they wanted","Patients ""always"" received help as soon as they wanted",NA,,68,,NA,207,,19,,2022-01-01,2022-12-31
050146,CITY OF HOPE HELFORD CLINICAL RESEARCH HOSPITAL,1500 E DUARTE ROAD,DUARTE,CA,91010,LOS ANGELES,(626) 359-8111,H_COMP_3_SN_P,"Patients who reported that they ""Sometimes"" or ""Never"" received help as soon as they wanted","Patients ""sometimes"" or ""never"" received help as soon as they wanted",NA,,10,,NA,207,,19,,2022-01-01,2022-12-31
050146,CITY OF HOPE HELFORD CLINICAL RESEARCH HOSPITAL,1500 E DUARTE ROAD,DUARTE,CA,91010,LOS ANGELES,(626) 359-8111,H_COMP_3_U_P,"Patients who reported that they ""Usually"" received help as soon as they wanted","Patients ""usually"" received help as soon as they wanted",NA,,22,,NA,207,,19,,2022-01-01,2022-12-31
050146,CITY OF HOPE HELFORD CLINICAL RESEARCH HOSPITAL,1500 E DUARTE ROAD,DUARTE,CA,91010,LOS ANGELES,(626) 359-8111,H_COMP_3_LINEAR_SCORE,Staff responsiveness - linear mean score,Staff responsiveness - linear mean score,NA,,NA,,85,207,,19,,2022-01-01,2022-12-31
050146,CITY OF HOPE HELFORD CLINICAL RESEARCH HOSPITAL,1500 E DUARTE ROAD,DUARTE,CA,91010,LOS ANGELES,(626) 359-8111,H_COMP_3_STAR_RATING,Staff responsiveness - star rating,Staff responsiveness - star rating,4,,NA,,NA,207,,19,,2022-01-01,2022-12-31
050146,CITY OF HOPE HELFORD CLINICAL RESEARCH HOSPITAL,1500 E DUARTE ROAD,DUARTE,CA,91010,LOS ANGELES,(626) 359-8111,H_CALL_BUTTON_A_P,"Patients who reported that they ""Always"" received help after using the call button as soon as they wanted","Patients ""always"" received call button help as soon as they wanted",NA,,72,,NA,207,,19,,2022-01-01,2022-12-31
050146,CITY OF HOPE HELFORD CLINICAL RESEARCH HOSPITAL,1500 E DUARTE ROAD,DUARTE,CA,91010,LOS ANGELES,(626) 359-8111,H_CALL_BUTTON_SN_P,"Patients who reported that they ""Sometimes"" or ""Never"" received help after using the call button as soon as they wanted","Patients ""sometimes"" or ""never"" received call button help as soon as they wanted",NA,,5,,NA,207,,19,,2022-01-01,2022-12-31
050146,CITY OF HOPE HELFORD CLINICAL RESEARCH HOSPITAL,1500 E DUARTE ROAD,DUARTE,CA,91010,LOS ANGELES,(626) 359-8111,H_CALL_BUTTON_U_P,"Patients who reported that they ""Usually"" received help after using the call button as soon as they wanted","Patients ""usually"" received call button help as soon as they wanted",NA,,23,,NA,207,,19,,2022-01-01,2022-12-31
050146,CITY OF HOPE HELFORD CLINICAL RESEARCH HOSPITAL,1500 E DUARTE ROAD,DUARTE,CA,91010,LOS ANGELES,(626) 359-8111,H_BATH_HELP_A_P,"Patients who reported that they ""Always"" received bathroom help as soon as they wanted","Patients ""always"" received bathroom help as soon as they wanted",NA,,65,,NA,207,,19,,2022-01-01,2022-12-31
050146,CITY OF HOPE HELFORD CLINICAL RESEARCH HOSPITAL,1500 E DUARTE ROAD,DUARTE,CA,91010,LOS ANGELES,(626) 359-8111,H_BATH_HELP_SN_P,"Patients who reported that they ""Sometimes"" or ""Never"" received bathroom help as soon as they wanted","Patients ""sometimes"" or ""never"" received bathroom help as soon as they wanted",NA,,15,,NA,207,,19,,2022-01-01,2022-12-31
050146,CITY OF HOPE HELFORD CLINICAL RESEARCH HOSPITAL,1500 E DUARTE ROAD,DUARTE,CA,91010,LOS ANGELES,(626) 359-8111,H_BATH_HELP_U_P,"Patients who reported that they ""Usually"" received bathroom help as soon as they wanted","Patients ""usually"" received bathroom help as soon as they wanted",NA,,20,,NA,207,,19,,2022-01-01,2022-12-31
050146,CITY OF HOPE HELFORD CLINICAL RESEARCH HOSPITAL,1500 E DUARTE ROAD,DUARTE,CA,91010,LOS ANGELES,(626) 359-8111,H_COMP_5_A_P,"Patients who reported that staff ""Always"" explained about medicines before giving it to them","Staff ""always"" explained",NA,,67,,NA,207,,19,,2022-01-01,2022-12-31
050146,CITY OF HOPE HELFORD CLINICAL RESEARCH HOSPITAL,1500 E DUARTE ROAD,DUARTE,CA,91010,LOS ANGELES,(626) 359-8111,H_COMP_5_SN_P,"Patients who reported that staff ""Sometimes"" or ""Never"" explained about medicines before giving it to them","Staff ""sometimes"" or ""never"" explained",NA,,12,,NA,207,,19,,2022-01-01,2022-12-31
050146,CITY OF HOPE HELFORD CLINICAL RESEARCH HOSPITAL,1500 E DUARTE ROAD,DUARTE,CA,91010,LOS ANGELES,(626) 359-8111,H_COMP_5_U_P,"Patients who reported that staff ""Usually"" explained about medicines before giving it to them","Staff ""usually"" explained",NA,,21,,NA,207,,19,,2022-01-01,2022-12-31
050146,CITY OF HOPE HELFORD CLINICAL RESEARCH HOSPITAL,1500 E DUARTE ROAD,DUARTE,CA,91010,LOS ANGELES,(626) 359-8111,H_COMP_5_LINEAR_SCORE,Communication about medicines - linear mean score,Communication about medicines - linear mean score,NA,,NA,,82,207,,19,,2022-01-01,2022-12-31
050146,CITY OF HOPE HELFORD CLINICAL RESEARCH HOSPITAL,1500 E DUARTE ROAD,DUARTE,CA,91010,LOS ANGELES,(626) 359-8111,H_COMP_5_STAR_RATING,Communication about medicines - star rating,Communication about medicines - star rating,4,,NA,,NA,207,,19,,2022-01-01,2022-12-31
050146,CITY OF HOPE HELFORD CLINICAL RESEARCH HOSPITAL,1500 E DUARTE ROAD,DUARTE,CA,91010,LOS ANGELES,(626) 359-8111,H_MED_FOR_A_P,"Patients who reported that when receiving new medication the staff ""Always"" communicated what the medication was for","Staff ""always"" explained new medications",NA,,79,,NA,207,,19,,2022-01-01,2022-12-31
050146,CITY OF HOPE HELFORD CLINICAL RESEARCH HOSPITAL,1500 E DUARTE ROAD,DUARTE,CA,91010,LOS ANGELES,(626) 359-8111,H_MED_FOR_SN_P,"Patients who reported that when receiving new medication the staff ""Sometimes"" or ""Never"" communicated what the medication was for","Staff ""sometimes"" or ""never"" explained new medications",NA,,4,,NA,207,,19,,2022-01-01,2022-12-31
050146,CITY OF HOPE HELFORD CLINICAL RESEARCH HOSPITAL,1500 E DUARTE ROAD,DUARTE,CA,91010,LOS ANGELES,(626) 359-8111,H_MED_FOR_U_P,"Patients who reported that when receiving new medication the staff ""Usually"" communicated what the medication was for.","Staff ""usually"" explained new medications",NA,,17,,NA,207,,19,,2022-01-01,2022-12-31
050146,CITY OF HOPE HELFORD CLINICAL RESEARCH HOSPITAL,1500 E DUARTE ROAD,DUARTE,CA,91010,LOS ANGELES,(626) 359-8111,H_SIDE_EFFECTS_A_P,"Patients who reported that when receiving new medication the staff ""Always"" discussed possible side effects","Staff ""always"" explained possible side effects",NA,,54,,NA,207,,19,,2022-01-01,2022-12-31
050146,CITY OF HOPE HELFORD CLINICAL RESEARCH HOSPITAL,1500 E DUARTE ROAD,DUARTE,CA,91010,LOS ANGELES,(626) 359-8111,H_SIDE_EFFECTS_SN_P,"Patients who reported that when receiving new medication the staff ""Sometimes"" or ""Never"" discussed possible side effects","Staff ""sometimes"" or ""never"" explained possible side effects",NA,,21,,NA,207,,19,,2022-01-01,2022-12-31
050146,CITY OF HOPE HELFORD CLINICAL RESEARCH HOSPITAL,1500 E DUARTE ROAD,DUARTE,CA,91010,LOS ANGELES,(626) 359-8111,H_SIDE_EFFECTS_U_P,"Patients who reported that when receiving new medication the staff ""Usually"" discussed possible side effects","Staff ""usually"" explained possible side effects",NA,,25,,NA,207,,19,,2022-01-01,2022-12-31
050146,CITY OF HOPE HELFORD CLINICAL RESEARCH HOSPITAL,1500 E DUARTE ROAD,DUARTE,CA,91010,LOS ANGELES,(626) 359-8111,H_COMP_6_N_P,"Patients who reported that NO, they were not given information about what to do during their recovery at home","No, staff ""did not"" give patients this information",NA,,12,,NA,207,,19,,2022-01-01,2022-12-31
050146,CITY OF HOPE HELFORD CLINICAL RESEARCH HOSPITAL,1500 E DUARTE ROAD,DUARTE,CA,91010,LOS ANGELES,(626) 359-8111,H_COMP_6_Y_P,"Patients who reported that YES, they were given information about what to do during their recovery at home","Yes, staff ""did"" give patients this information",NA,,88,,NA,207,,19,,2022-01-01,2022-12-31
050146,CITY OF HOPE HELFORD CLINICAL RESEARCH HOSPITAL,1500 E DUARTE ROAD,DUARTE,CA,91010,LOS ANGELES,(626) 359-8111,H_COMP_6_LINEAR_SCORE,Discharge information - linear mean score,Discharge information - linear mean score,NA,,NA,,88,207,,19,,2022-01-01,2022-12-31
050146,CITY OF HOPE HELFORD CLINICAL RESEARCH HOSPITAL,1500 E DUARTE ROAD,DUARTE,CA,91010,LOS ANGELES,(626) 359-8111,H_COMP_6_STAR_RATING,Discharge information - star rating,Discharge information - star rating,4,,NA,,NA,207,,19,,2022-01-01,2022-12-31
050146,CITY OF HOPE HELFORD CLINICAL RESEARCH HOSPITAL,1500 E DUARTE ROAD,DUARTE,CA,91010,LOS ANGELES,(626) 359-8111,H_DISCH_HELP_N_P,"Patients who reported that NO, they did not discuss whether they would need help after discharge","No, staff ""did not"" give patients information about help after discharge",NA,,12,,NA,207,,19,,2022-01-01,2022-12-31
050146,CITY OF HOPE HELFORD CLINICAL RESEARCH HOSPITAL,1500 E DUARTE ROAD,DUARTE,CA,91010,LOS ANGELES,(626) 359-8111,H_DISCH_HELP_Y_P,"Patients who reported that YES, they did discuss whether they would need help after discharge","Yes, staff ""did"" give patients information about help after discharge",NA,,88,,NA,207,,19,,2022-01-01,2022-12-31
050146,CITY OF HOPE HELFORD CLINICAL RESEARCH HOSPITAL,1500 E DUARTE ROAD,DUARTE,CA,91010,LOS ANGELES,(626) 359-8111,H_SYMPTOMS_N_P,"Patients who reported that NO, they did not receive written information about possible symptoms to look out for after discharge","No, staff ""did not"" give patients information about possible symptoms",NA,,12,,NA,207,,19,,2022-01-01,2022-12-31
050146,CITY OF HOPE HELFORD CLINICAL RESEARCH HOSPITAL,1500 E DUARTE ROAD,DUARTE,CA,91010,LOS ANGELES,(626) 359-8111,H_SYMPTOMS_Y_P,"Patients who reported that YES, they did receive written information about possible symptoms to look out for after discharge","Yes, staff ""did"" give patients information about possible symptoms",NA,,88,,NA,207,,19,,2022-01-01,2022-12-31
050146,CITY OF HOPE HELFORD CLINICAL RESEARCH HOSPITAL,1500 E DUARTE ROAD,DUARTE,CA,91010,LOS ANGELES,(626) 359-8111,H_COMP_7_A,"Patients who ""Agree"" they understood their care when they left the hospital","Patients who ""Agree"" they understood their care when they left the hospital",NA,,32,,NA,207,,19,,2022-01-01,2022-12-31
050146,CITY OF HOPE HELFORD CLINICAL RESEARCH HOSPITAL,1500 E DUARTE ROAD,DUARTE,CA,91010,LOS ANGELES,(626) 359-8111,H_COMP_7_D_SD,"Patients who ""Disagree"" or ""Strongly Disagree"" they understood their care when they left the hospital","Patients who ""Disagree"" or ""Strongly Disagree"" they understood their care when they left the hospital",NA,,4,,NA,207,,19,,2022-01-01,2022-12-31
050146,CITY OF HOPE HELFORD CLINICAL RESEARCH HOSPITAL,1500 E DUARTE ROAD,DUARTE,CA,91010,LOS ANGELES,(626) 359-8111,H_COMP_7_SA,"Patients who ""Strongly Agree"" they understood their care when they left the hospital","Patients who ""Strongly Agree"" they understood their care when they left the hospital",NA,,64,,NA,207,,19,,2022-01-01,2022-12-31
050146,CITY OF HOPE HELFORD CLINICAL RESEARCH HOSPITAL,1500 E DUARTE ROAD,DUARTE,CA,91010,LOS ANGELES,(626) 359-8111,H_COMP_7_LINEAR_SCORE,Care transition - linear mean score,Care transition - linear mean score,NA,,NA,,87,207,,19,,2022-01-01,2022-12-31
050146,CITY OF HOPE HELFORD CLINICAL RESEARCH HOSPITAL,1500 E DUARTE ROAD,DUARTE,CA,91010,LOS ANGELES,(626) 359-8111,H_COMP_7_STAR_RATING,Care transition - star rating,Care transition - star rating,5,,NA,,NA,207,,19,,2022-01-01,2022-12-31
050146,CITY OF HOPE HELFORD CLINICAL RESEARCH HOSPITAL,1500 E DUARTE ROAD,DUARTE,CA,91010,LOS ANGELES,(626) 359-8111,H_CT_PREFER_A,"Patients who ""Agree"" that the staff took my preferences into account when determining my health care needs","Patients who ""Agree"" that staff took their preferences into account",NA,,39,,NA,207,,19,,2022-01-01,2022-12-31
050146,CITY OF HOPE HELFORD CLINICAL RESEARCH HOSPITAL,1500 E DUARTE ROAD,DUARTE,CA,91010,LOS ANGELES,(626) 359-8111,H_CT_PREFER_D_SD,"Patients who ""Disagree"" or ""Strongly Disagree"" that the staff took my preferences into account when determining my health care needs","Patients who ""Disagree"" or ""Strongly Disagree"" that staff took their preferences into account",NA,,5,,NA,207,,19,,2022-01-01,2022-12-31
050146,CITY OF HOPE HELFORD CLINICAL RESEARCH HOSPITAL,1500 E DUARTE ROAD,DUARTE,CA,91010,LOS ANGELES,(626) 359-8111,H_CT_PREFER_SA,"Patients who ""Strongly Agree"" that the staff took my preferences into account when determining my health care needs","Patients who ""Strongly Agree"" that staff took their preferences into account",NA,,56,,NA,207,,19,,2022-01-01,2022-12-31
050146,CITY OF HOPE HELFORD CLINICAL RESEARCH HOSPITAL,1500 E DUARTE ROAD,DUARTE,CA,91010,LOS ANGELES,(626) 359-8111,H_CT_UNDER_A,"Patients who ""Agree"" that they understood their responsiblities in managing their health","Patients who ""Agree"" they understood their responsiblities when they left the hospital",NA,,31,,NA,207,,19,,2022-01-01,2022-12-31
050146,CITY OF HOPE HELFORD CLINICAL RESEARCH HOSPITAL,1500 E DUARTE ROAD,DUARTE,CA,91010,LOS ANGELES,(626) 359-8111,H_CT_UNDER_D_SD,"Patients who ""Disagree"" or ""Strongly Disagree"" that they understood their responsiblities in managing their health","Patients who ""Disagree"" or ""Strongly Disagree"" they understood their responsiblities when they left the hospital",NA,,5,,NA,207,,19,,2022-01-01,2022-12-31
050146,CITY OF HOPE HELFORD CLINICAL RESEARCH HOSPITAL,1500 E DUARTE ROAD,DUARTE,CA,91010,LOS ANGELES,(626) 359-8111,H_CT_UNDER_SA,"Patients who ""Strongly Agree"" that they understood their responsiblities in managing their health","Patients who ""Strongly Agree"" they understood their responsiblities when they left the hospital",NA,,64,,NA,207,,19,,2022-01-01,2022-12-31
050146,CITY OF HOPE HELFORD CLINICAL RESEARCH HOSPITAL,1500 E DUARTE ROAD,DUARTE,CA,91010,LOS ANGELES,(626) 359-8111,H_CT_MED_A,"Patients who ""Agree"" that they understood the purposes of their medications when leaving the hospital","Patients who ""Agree"" they understood their medications when they left the hospital",NA,,25,,NA,207,,19,,2022-01-01,2022-12-31
050146,CITY OF HOPE HELFORD CLINICAL RESEARCH HOSPITAL,1500 E DUARTE ROAD,DUARTE,CA,91010,LOS ANGELES,(626) 359-8111,H_CT_MED_D_SD,"Patients who ""Disagree"" or ""Strongly Disagree"" that they understood the purposes of their medications when leaving the hospital","Patients who ""Disagree"" or ""Strongly Disagree"" they understood their medications when they left the hospital",NA,,2,,NA,207,,19,,2022-01-01,2022-12-31
050146,CITY OF HOPE HELFORD CLINICAL RESEARCH HOSPITAL,1500 E DUARTE ROAD,DUARTE,CA,91010,LOS ANGELES,(626) 359-8111,H_CT_MED_SA,"Patients who ""Strongly Agree"" that they understood the purposes of their medications when leaving the hospital","Patients who ""Strongly Agree"" they understood their medications when they left the hospital",NA,,73,,NA,207,,19,,2022-01-01,2022-12-31
050146,CITY OF HOPE HELFORD CLINICAL RESEARCH HOSPITAL,1500 E DUARTE ROAD,DUARTE,CA,91010,LOS ANGELES,(626) 359-8111,H_CLEAN_HSP_A_P,"Patients who reported that their room and bathroom were ""Always"" clean","Room was ""always"" clean",NA,,75,,NA,207,,19,,2022-01-01,2022-12-31
050146,CITY OF HOPE HELFORD CLINICAL RESEARCH HOSPITAL,1500 E DUARTE ROAD,DUARTE,CA,91010,LOS ANGELES,(626) 359-8111,H_CLEAN_HSP_SN_P,"Patients who reported that their room and bathroom were ""Sometimes"" or ""Never"" clean","Room was ""sometimes"" or ""never"" clean",NA,,3,,NA,207,,19,,2022-01-01,2022-12-31
050146,CITY OF HOPE HELFORD CLINICAL RESEARCH HOSPITAL,1500 E DUARTE ROAD,DUARTE,CA,91010,LOS ANGELES,(626) 359-8111,H_CLEAN_HSP_U_P,"Patients who reported that their room and bathroom were ""Usually"" clean","Room was ""usually"" clean",NA,,22,,NA,207,,19,,2022-01-01,2022-12-31
050146,CITY OF HOPE HELFORD CLINICAL RESEARCH HOSPITAL,1500 E DUARTE ROAD,DUARTE,CA,91010,LOS ANGELES,(626) 359-8111,H_CLEAN_LINEAR_SCORE,Cleanliness - linear mean score,Cleanliness - linear mean score,NA,,NA,,91,207,,19,,2022-01-01,2022-12-31
050146,CITY OF HOPE HELFORD CLINICAL RESEARCH HOSPITAL,1500 E DUARTE ROAD,DUARTE,CA,91010,LOS ANGELES,(626) 359-8111,H_CLEAN_STAR_RATING,Cleanliness - star rating,Cleanliness - star rating,5,,NA,,NA,207,,19,,2022-01-01,2022-12-31
050146,CITY OF HOPE HELFORD CLINICAL RESEARCH HOSPITAL,1500 E DUARTE ROAD,DUARTE,CA,91010,LOS ANGELES,(626) 359-8111,H_QUIET_HSP_A_P,"Patients who reported that the area around their room was ""Always"" quiet at night","""Always"" quiet at night",NA,,63,,NA,207,,19,,2022-01-01,2022-12-31
050146,CITY OF HOPE HELFORD CLINICAL RESEARCH HOSPITAL,1500 E DUARTE ROAD,DUARTE,CA,91010,LOS ANGELES,(626) 359-8111,H_QUIET_HSP_SN_P,"Patients who reported that the area around their room was ""Sometimes"" or ""Never"" quiet at night","""Sometimes"" or ""never"" quiet at night",NA,,9,,NA,207,,19,,2022-01-01,2022-12-31
050146,CITY OF HOPE HELFORD CLINICAL RESEARCH HOSPITAL,1500 E DUARTE ROAD,DUARTE,CA,91010,LOS ANGELES,(626) 359-8111,H_QUIET_HSP_U_P,"Patients who reported that the area around their room was ""Usually"" quiet at night","""Usually"" quiet at night",NA,,28,,NA,207,,19,,2022-01-01,2022-12-31
050146,CITY OF HOPE HELFORD CLINICAL RESEARCH HOSPITAL,1500 E DUARTE ROAD,DUARTE,CA,91010,LOS ANGELES,(626) 359-8111,H_QUIET_LINEAR_SCORE,Quietness - linear mean score,Quietness - linear mean score,NA,,NA,,84,207,,19,,2022-01-01,2022-12-31
050146,CITY OF HOPE HELFORD CLINICAL RESEARCH HOSPITAL,1500 E DUARTE ROAD,DUARTE,CA,91010,LOS ANGELES,(626) 359-8111,H_QUIET_STAR_RATING,Quietness - star rating,Quietness - star rating,4,,NA,,NA,207,,19,,2022-01-01,2022-12-31
050146,CITY OF HOPE HELFORD CLINICAL RESEARCH HOSPITAL,1500 E DUARTE ROAD,DUARTE,CA,91010,LOS ANGELES,(626) 359-8111,H_HSP_RATING_0_6,Patients who gave their hospital a rating of 6 or lower on a scale from 0 (lowest) to 10 (highest),"Patients who gave a rating of ""6"" or lower (low)",NA,,4,,NA,207,,19,,2022-01-01,2022-12-31
050146,CITY OF HOPE HELFORD CLINICAL RESEARCH HOSPITAL,1500 E DUARTE ROAD,DUARTE,CA,91010,LOS ANGELES,(626) 359-8111,H_HSP_RATING_7_8,Patients who gave their hospital a rating of 7 or 8 on a scale from 0 (lowest) to 10 (highest),"Patients who gave a rating of ""7"" or ""8"" (medium)",NA,,13,,NA,207,,19,,2022-01-01,2022-12-31
050146,CITY OF HOPE HELFORD CLINICAL RESEARCH HOSPITAL,1500 E DUARTE ROAD,DUARTE,CA,91010,LOS ANGELES,(626) 359-8111,H_HSP_RATING_9_10,Patients who gave their hospital a rating of 9 or 10 on a scale from 0 (lowest) to 10 (highest),"Patients who gave a rating of ""9"" or ""10"" (high)",NA,,83,,NA,207,,19,,2022-01-01,2022-12-31
050146,CITY OF HOPE HELFORD CLINICAL RESEARCH HOSPITAL,1500 E DUARTE ROAD,DUARTE,CA,91010,LOS ANGELES,(626) 359-8111,H_HSP_RATING_LINEAR_SCORE,Overall hospital rating - linear mean score,Overall hospital rating - linear mean score,NA,,NA,,93,207,,19,,2022-01-01,2022-12-31
050146,CITY OF HOPE HELFORD CLINICAL RESEARCH HOSPITAL,1500 E DUARTE ROAD,DUARTE,CA,91010,LOS ANGELES,(626) 359-8111,H_HSP_RATING_STAR_RATING,Overall hospital rating - star rating,Overall hospital rating - star rating,5,,NA,,NA,207,,19,,2022-01-01,2022-12-31
050146,CITY OF HOPE HELFORD CLINICAL RESEARCH HOSPITAL,1500 E DUARTE ROAD,DUARTE,CA,91010,LOS ANGELES,(626) 359-8111,H_RECMND_DN,"Patients who reported NO, they would probably not or definitely not recommend the hospital","""NO"", patients would not recommend the hospital (they probably would not or definitely would not recommend it)",NA,,1,,NA,207,,19,,2022-01-01,2022-12-31
050146,CITY OF HOPE HELFORD CLINICAL RESEARCH HOSPITAL,1500 E DUARTE ROAD,DUARTE,CA,91010,LOS ANGELES,(626) 359-8111,H_RECMND_DY,"Patients who reported YES, they would definitely recommend the hospital","""YES"", patients would definitely recommend the hospital",NA,,84,,NA,207,,19,,2022-01-01,2022-12-31
050146,CITY OF HOPE HELFORD CLINICAL RESEARCH HOSPITAL,1500 E DUARTE ROAD,DUARTE,CA,91010,LOS ANGELES,(626) 359-8111,H_RECMND_PY,"Patients who reported YES, they would probably recommend the hospital","""YES"", patients would probably recommend the hospital",NA,,15,,NA,207,,19,,2022-01-01,2022-12-31
050146,CITY OF HOPE HELFORD CLINICAL RESEARCH HOSPITAL,1500 E DUARTE ROAD,DUARTE,CA,91010,LOS ANGELES,(626) 359-8111,H_RECMND_LINEAR_SCORE,Recommend hospital - linear mean score,Recommend hospital - linear mean score,NA,,NA,,94,207,,19,,2022-01-01,2022-12-31
050146,CITY OF HOPE HELFORD CLINICAL RESEARCH HOSPITAL,1500 E DUARTE ROAD,DUARTE,CA,91010,LOS ANGELES,(626) 359-8111,H_RECMND_STAR_RATING,Recommend hospital - star rating,Recommend hospital - star rating,5,,NA,,NA,207,,19,,2022-01-01,2022-12-31
050146,CITY OF HOPE HELFORD CLINICAL RESEARCH HOSPITAL,1500 E DUARTE ROAD,DUARTE,CA,91010,LOS ANGELES,(626) 359-8111,H_STAR_RATING,Summary star rating,Summary star rating,5,,NA,,NA,207,,19,,2022-01-01,2022-12-31
050660,USC KENNETH NORRIS JR CANCER HOSPITAL,1441 EASTLAKE AVE,LOS ANGELES,CA,90089,LOS ANGELES,(323) 865-3000,H_COMP_1_A_P,"Patients who reported that their nurses ""Always"" communicated well","Nurses ""always"" communicated well",NA,,83,,NA,154,,14,,2022-01-01,2022-12-31
050660,USC KENNETH NORRIS JR CANCER HOSPITAL,1441 EASTLAKE AVE,LOS ANGELES,CA,90089,LOS ANGELES,(323) 865-3000,H_COMP_1_SN_P,"Patients who reported that their nurses ""Sometimes"" or ""Never"" communicated well","Nurses ""sometimes"" or ""never"" communicated well",NA,,2,,NA,154,,14,,2022-01-01,2022-12-31
050660,USC KENNETH NORRIS JR CANCER HOSPITAL,1441 EASTLAKE AVE,LOS ANGELES,CA,90089,LOS ANGELES,(323) 865-3000,H_COMP_1_U_P,"Patients who reported that their nurses ""Usually"" communicated well","Nurses ""usually"" communicated well",NA,,15,,NA,154,,14,,2022-01-01,2022-12-31
050660,USC KENNETH NORRIS JR CANCER HOSPITAL,1441 EASTLAKE AVE,LOS ANGELES,CA,90089,LOS ANGELES,(323) 865-3000,H_COMP_1_LINEAR_SCORE,Nurse communication - linear mean score,Nurse communication - linear mean score,NA,,NA,,94,154,,14,,2022-01-01,2022-12-31
050660,USC KENNETH NORRIS JR CANCER HOSPITAL,1441 EASTLAKE AVE,LOS ANGELES,CA,90089,LOS ANGELES,(323) 865-3000,H_COMP_1_STAR_RATING,Nurse communication - star rating,Nurse communication - star rating,5,,NA,,NA,154,,14,,2022-01-01,2022-12-31
050660,USC KENNETH NORRIS JR CANCER HOSPITAL,1441 EASTLAKE AVE,LOS ANGELES,CA,90089,LOS ANGELES,(323) 865-3000,H_NURSE_RESPECT_A_P,"Patients who reported that their nurses ""Always"" treated them with courtesy and respect","Nurses ""always"" treated them with courtesy and  respect",NA,,92,,NA,154,,14,,2022-01-01,2022-12-31
050660,USC KENNETH NORRIS JR CANCER HOSPITAL,1441 EASTLAKE AVE,LOS ANGELES,CA,90089,LOS ANGELES,(323) 865-3000,H_NURSE_RESPECT_SN_P,"Patients who reported that their nurses ""Sometimes"" or ""Never""  treated them with courtesy and respect","Nurses ""sometimes"" or ""never"" treated them with courtesy and  respect",NA,,0,,NA,154,,14,,2022-01-01,2022-12-31
050660,USC KENNETH NORRIS JR CANCER HOSPITAL,1441 EASTLAKE AVE,LOS ANGELES,CA,90089,LOS ANGELES,(323) 865-3000,H_NURSE_RESPECT_U_P,"Patients who reported that their nurses ""Usually""  treated them with courtesy and respect","Nurses ""usually""  treated them with courtesy and  respect",NA,,8,,NA,154,,14,,2022-01-01,2022-12-31
050660,USC KENNETH NORRIS JR CANCER HOSPITAL,1441 EASTLAKE AVE,LOS ANGELES,CA,90089,LOS ANGELES,(323) 865-3000,H_NURSE_LISTEN_A_P,"Patients who reported that their nurses ""Always"" listened carefully to them","Nurses ""always"" listened carefully",NA,,83,,NA,154,,14,,2022-01-01,2022-12-31
050660,USC KENNETH NORRIS JR CANCER HOSPITAL,1441 EASTLAKE AVE,LOS ANGELES,CA,90089,LOS ANGELES,(323) 865-3000,H_NURSE_LISTEN_SN_P,"Patients who reported that their nurses ""Sometimes"" or ""Never"" listened carefully to them","Nurses ""sometimes"" or ""never"" listened carefully",NA,,3,,NA,154,,14,,2022-01-01,2022-12-31
050660,USC KENNETH NORRIS JR CANCER HOSPITAL,1441 EASTLAKE AVE,LOS ANGELES,CA,90089,LOS ANGELES,(323) 865-3000,H_NURSE_LISTEN_U_P,"Patients who reported that their nurses ""Usually"" listened carefully to them","Nurses ""usually"" listened carefully",NA,,14,,NA,154,,14,,2022-01-01,2022-12-31
050660,USC KENNETH NORRIS JR CANCER HOSPITAL,1441 EASTLAKE AVE,LOS ANGELES,CA,90089,LOS ANGELES,(323) 865-3000,H_NURSE_EXPLAIN_A_P,"Patients who reported that their nurses ""Always"" explained things in a way they could understand","Nurses ""always"" explained things so they could understand",NA,,75,,NA,154,,14,,2022-01-01,2022-12-31
050660,USC KENNETH NORRIS JR CANCER HOSPITAL,1441 EASTLAKE AVE,LOS ANGELES,CA,90089,LOS ANGELES,(323) 865-3000,H_NURSE_EXPLAIN_SN_P,"Patients who reported that their nurses ""Sometimes"" or ""Never"" explained things in a way they could understand","Nurses ""sometimes"" or ""never"" explained things so they could understand",NA,,2,,NA,154,,14,,2022-01-01,2022-12-31
050660,USC KENNETH NORRIS JR CANCER HOSPITAL,1441 EASTLAKE AVE,LOS ANGELES,CA,90089,LOS ANGELES,(323) 865-3000,H_NURSE_EXPLAIN_U_P,"Patients who reported that their nurses ""Usually"" explained things in a way they could understand","Nurses ""usually"" explained things so they could understand",NA,,23,,NA,154,,14,,2022-01-01,2022-12-31
050660,USC KENNETH NORRIS JR CANCER HOSPITAL,1441 EASTLAKE AVE,LOS ANGELES,CA,90089,LOS ANGELES,(323) 865-3000,H_COMP_2_A_P,"Patients who reported that their doctors ""Always"" communicated well","Doctors ""always"" communicated well",NA,,84,,NA,154,,14,,2022-01-01,2022-12-31
050660,USC KENNETH NORRIS JR CANCER HOSPITAL,1441 EASTLAKE AVE,LOS ANGELES,CA,90089,LOS ANGELES,(323) 865-3000,H_COMP_2_SN_P,"Patients who reported that their doctors ""Sometimes"" or ""Never"" communicated well","Doctors ""sometimes"" or ""never"" communicated well",NA,,1,,NA,154,,14,,2022-01-01,2022-12-31
050660,USC KENNETH NORRIS JR CANCER HOSPITAL,1441 EASTLAKE AVE,LOS ANGELES,CA,90089,LOS ANGELES,(323) 865-3000,H_COMP_2_U_P,"Patients who reported that their doctors ""Usually"" communicated well","Doctors ""usually"" communicated well",NA,,15,,NA,154,,14,,2022-01-01,2022-12-31
050660,USC KENNETH NORRIS JR CANCER HOSPITAL,1441 EASTLAKE AVE,LOS ANGELES,CA,90089,LOS ANGELES,(323) 865-3000,H_COMP_2_LINEAR_SCORE,Doctor communication - linear mean score,Doctor communication - linear mean score,NA,,NA,,94,154,,14,,2022-01-01,2022-12-31
050660,USC KENNETH NORRIS JR CANCER HOSPITAL,1441 EASTLAKE AVE,LOS ANGELES,CA,90089,LOS ANGELES,(323) 865-3000,H_COMP_2_STAR_RATING,Doctor communication - star rating,Doctor communication - star rating,5,,NA,,NA,154,,14,,2022-01-01,2022-12-31
050660,USC KENNETH NORRIS JR CANCER HOSPITAL,1441 EASTLAKE AVE,LOS ANGELES,CA,90089,LOS ANGELES,(323) 865-3000,H_DOCTOR_RESPECT_A_P,"Patients who reported that their doctors ""Always"" treated them with courtesy and respect","Doctors ""always"" treated them with courtesy and  respect",NA,,94,,NA,154,,14,,2022-01-01,2022-12-31
050660,USC KENNETH NORRIS JR CANCER HOSPITAL,1441 EASTLAKE AVE,LOS ANGELES,CA,90089,LOS ANGELES,(323) 865-3000,H_DOCTOR_RESPECT_SN_P,"Patients who reported that their doctors ""Sometimes"" or ""Never""  treated them with courtesy and respect","Doctors ""sometimes"" or ""never"" treated them with courtesy and  respect",NA,,0,,NA,154,,14,,2022-01-01,2022-12-31
050660,USC KENNETH NORRIS JR CANCER HOSPITAL,1441 EASTLAKE AVE,LOS ANGELES,CA,90089,LOS ANGELES,(323) 865-3000,H_DOCTOR_RESPECT_U_P,"Patients who reported that their doctors ""Usually""  treated them with courtesy and respect","Doctors ""usually""  treated them with courtesy and  respect",NA,,6,,NA,154,,14,,2022-01-01,2022-12-31
050660,USC KENNETH NORRIS JR CANCER HOSPITAL,1441 EASTLAKE AVE,LOS ANGELES,CA,90089,LOS ANGELES,(323) 865-3000,H_DOCTOR_LISTEN_A_P,"Patients who reported that their doctors ""Always"" listened carefully to them","Doctors ""always"" listened carefully",NA,,84,,NA,154,,14,,2022-01-01,2022-12-31
050660,USC KENNETH NORRIS JR CANCER HOSPITAL,1441 EASTLAKE AVE,LOS ANGELES,CA,90089,LOS ANGELES,(323) 865-3000,H_DOCTOR_LISTEN_SN_P,"Patients who reported that their doctors ""Sometimes"" or ""Never"" listened carefully to them","Doctors ""sometimes"" or ""never"" listened carefully",NA,,1,,NA,154,,14,,2022-01-01,2022-12-31
050660,USC KENNETH NORRIS JR CANCER HOSPITAL,1441 EASTLAKE AVE,LOS ANGELES,CA,90089,LOS ANGELES,(323) 865-3000,H_DOCTOR_LISTEN_U_P,"Patients who reported that their doctors ""Usually"" listened carefully to them","Doctors ""usually"" listened carefully",NA,,15,,NA,154,,14,,2022-01-01,2022-12-31
050660,USC KENNETH NORRIS JR CANCER HOSPITAL,1441 EASTLAKE AVE,LOS ANGELES,CA,90089,LOS ANGELES,(323) 865-3000,H_DOCTOR_EXPLAIN_A_P,"Patients who reported that their doctors ""Always"" explained things in a way they could understand","Doctors ""always"" explained things so they could understand",NA,,73,,NA,154,,14,,2022-01-01,2022-12-31
050660,USC KENNETH NORRIS JR CANCER HOSPITAL,1441 EASTLAKE AVE,LOS ANGELES,CA,90089,LOS ANGELES,(323) 865-3000,H_DOCTOR_EXPLAIN_SN_P,"Patients who reported that their doctors ""Sometimes"" or ""Never"" explained things in a way they could understand","Doctors ""sometimes"" or ""never"" explained things so they could understand",NA,,3,,NA,154,,14,,2022-01-01,2022-12-31
050660,USC KENNETH NORRIS JR CANCER HOSPITAL,1441 EASTLAKE AVE,LOS ANGELES,CA,90089,LOS ANGELES,(323) 865-3000,H_DOCTOR_EXPLAIN_U_P,"Patients who reported that their doctors ""Usually"" explained things in a way they could understand","Doctors ""usually"" explained things so they could understand",NA,,24,,NA,154,,14,,2022-01-01,2022-12-31
050660,USC KENNETH NORRIS JR CANCER HOSPITAL,1441 EASTLAKE AVE,LOS ANGELES,CA,90089,LOS ANGELES,(323) 865-3000,H_COMP_3_A_P,"Patients who reported that they ""Always"" received help as soon as they wanted","Patients ""always"" received help as soon as they wanted",NA,,64,,NA,154,,14,,2022-01-01,2022-12-31
050660,USC KENNETH NORRIS JR CANCER HOSPITAL,1441 EASTLAKE AVE,LOS ANGELES,CA,90089,LOS ANGELES,(323) 865-3000,H_COMP_3_SN_P,"Patients who reported that they ""Sometimes"" or ""Never"" received help as soon as they wanted","Patients ""sometimes"" or ""never"" received help as soon as they wanted",NA,,8,,NA,154,,14,,2022-01-01,2022-12-31
050660,USC KENNETH NORRIS JR CANCER HOSPITAL,1441 EASTLAKE AVE,LOS ANGELES,CA,90089,LOS ANGELES,(323) 865-3000,H_COMP_3_U_P,"Patients who reported that they ""Usually"" received help as soon as they wanted","Patients ""usually"" received help as soon as they wanted",NA,,28,,NA,154,,14,,2022-01-01,2022-12-31
050660,USC KENNETH NORRIS JR CANCER HOSPITAL,1441 EASTLAKE AVE,LOS ANGELES,CA,90089,LOS ANGELES,(323) 865-3000,H_COMP_3_LINEAR_SCORE,Staff responsiveness - linear mean score,Staff responsiveness - linear mean score,NA,,NA,,85,154,,14,,2022-01-01,2022-12-31
050660,USC KENNETH NORRIS JR CANCER HOSPITAL,1441 EASTLAKE AVE,LOS ANGELES,CA,90089,LOS ANGELES,(323) 865-3000,H_COMP_3_STAR_RATING,Staff responsiveness - star rating,Staff responsiveness - star rating,4,,NA,,NA,154,,14,,2022-01-01,2022-12-31
050660,USC KENNETH NORRIS JR CANCER HOSPITAL,1441 EASTLAKE AVE,LOS ANGELES,CA,90089,LOS ANGELES,(323) 865-3000,H_CALL_BUTTON_A_P,"Patients who reported that they ""Always"" received help after using the call button as soon as they wanted","Patients ""always"" received call button help as soon as they wanted",NA,,66,,NA,154,,14,,2022-01-01,2022-12-31
050660,USC KENNETH NORRIS JR CANCER HOSPITAL,1441 EASTLAKE AVE,LOS ANGELES,CA,90089,LOS ANGELES,(323) 865-3000,H_CALL_BUTTON_SN_P,"Patients who reported that they ""Sometimes"" or ""Never"" received help after using the call button as soon as they wanted","Patients ""sometimes"" or ""never"" received call button help as soon as they wanted",NA,,5,,NA,154,,14,,2022-01-01,2022-12-31
050660,USC KENNETH NORRIS JR CANCER HOSPITAL,1441 EASTLAKE AVE,LOS ANGELES,CA,90089,LOS ANGELES,(323) 865-3000,H_CALL_BUTTON_U_P,"Patients who reported that they ""Usually"" received help after using the call button as soon as they wanted","Patients ""usually"" received call button help as soon as they wanted",NA,,29,,NA,154,,14,,2022-01-01,2022-12-31
050660,USC KENNETH NORRIS JR CANCER HOSPITAL,1441 EASTLAKE AVE,LOS ANGELES,CA,90089,LOS ANGELES,(323) 865-3000,H_BATH_HELP_A_P,"Patients who reported that they ""Always"" received bathroom help as soon as they wanted","Patients ""always"" received bathroom help as soon as they wanted",NA,,62,,NA,154,,14,,2022-01-01,2022-12-31
050660,USC KENNETH NORRIS JR CANCER HOSPITAL,1441 EASTLAKE AVE,LOS ANGELES,CA,90089,LOS ANGELES,(323) 865-3000,H_BATH_HELP_SN_P,"Patients who reported that they ""Sometimes"" or ""Never"" received bathroom help as soon as they wanted","Patients ""sometimes"" or ""never"" received bathroom help as soon as they wanted",NA,,12,,NA,154,,14,,2022-01-01,2022-12-31
050660,USC KENNETH NORRIS JR CANCER HOSPITAL,1441 EASTLAKE AVE,LOS ANGELES,CA,90089,LOS ANGELES,(323) 865-3000,H_BATH_HELP_U_P,"Patients who reported that they ""Usually"" received bathroom help as soon as they wanted","Patients ""usually"" received bathroom help as soon as they wanted",NA,,26,,NA,154,,14,,2022-01-01,2022-12-31
050660,USC KENNETH NORRIS JR CANCER HOSPITAL,1441 EASTLAKE AVE,LOS ANGELES,CA,90089,LOS ANGELES,(323) 865-3000,H_COMP_5_A_P,"Patients who reported that staff ""Always"" explained about medicines before giving it to them","Staff ""always"" explained",NA,,64,,NA,154,,14,,2022-01-01,2022-12-31
050660,USC KENNETH NORRIS JR CANCER HOSPITAL,1441 EASTLAKE AVE,LOS ANGELES,CA,90089,LOS ANGELES,(323) 865-3000,H_COMP_5_SN_P,"Patients who reported that staff ""Sometimes"" or ""Never"" explained about medicines before giving it to them","Staff ""sometimes"" or ""never"" explained",NA,,12,,NA,154,,14,,2022-01-01,2022-12-31
050660,USC KENNETH NORRIS JR CANCER HOSPITAL,1441 EASTLAKE AVE,LOS ANGELES,CA,90089,LOS ANGELES,(323) 865-3000,H_COMP_5_U_P,"Patients who reported that staff ""Usually"" explained about medicines before giving it to them","Staff ""usually"" explained",NA,,24,,NA,154,,14,,2022-01-01,2022-12-31
050660,USC KENNETH NORRIS JR CANCER HOSPITAL,1441 EASTLAKE AVE,LOS ANGELES,CA,90089,LOS ANGELES,(323) 865-3000,H_COMP_5_LINEAR_SCORE,Communication about medicines - linear mean score,Communication about medicines - linear mean score,NA,,NA,,83,154,,14,,2022-01-01,2022-12-31
050660,USC KENNETH NORRIS JR CANCER HOSPITAL,1441 EASTLAKE AVE,LOS ANGELES,CA,90089,LOS ANGELES,(323) 865-3000,H_COMP_5_STAR_RATING,Communication about medicines - star rating,Communication about medicines - star rating,4,,NA,,NA,154,,14,,2022-01-01,2022-12-31
050660,USC KENNETH NORRIS JR CANCER HOSPITAL,1441 EASTLAKE AVE,LOS ANGELES,CA,90089,LOS ANGELES,(323) 865-3000,H_MED_FOR_A_P,"Patients who reported that when receiving new medication the staff ""Always"" communicated what the medication was for","Staff ""always"" explained new medications",NA,,75,,NA,154,,14,,2022-01-01,2022-12-31
050660,USC KENNETH NORRIS JR CANCER HOSPITAL,1441 EASTLAKE AVE,LOS ANGELES,CA,90089,LOS ANGELES,(323) 865-3000,H_MED_FOR_SN_P,"Patients who reported that when receiving new medication the staff ""Sometimes"" or ""Never"" communicated what the medication was for","Staff ""sometimes"" or ""never"" explained new medications",NA,,7,,NA,154,,14,,2022-01-01,2022-12-31
050660,USC KENNETH NORRIS JR CANCER HOSPITAL,1441 EASTLAKE AVE,LOS ANGELES,CA,90089,LOS ANGELES,(323) 865-3000,H_MED_FOR_U_P,"Patients who reported that when receiving new medication the staff ""Usually"" communicated what the medication was for.","Staff ""usually"" explained new medications",NA,,18,,NA,154,,14,,2022-01-01,2022-12-31
050660,USC KENNETH NORRIS JR CANCER HOSPITAL,1441 EASTLAKE AVE,LOS ANGELES,CA,90089,LOS ANGELES,(323) 865-3000,H_SIDE_EFFECTS_A_P,"Patients who reported that when receiving new medication the staff ""Always"" discussed possible side effects","Staff ""always"" explained possible side effects",NA,,54,,NA,154,,14,,2022-01-01,2022-12-31
050660,USC KENNETH NORRIS JR CANCER HOSPITAL,1441 EASTLAKE AVE,LOS ANGELES,CA,90089,LOS ANGELES,(323) 865-3000,H_SIDE_EFFECTS_SN_P,"Patients who reported that when receiving new medication the staff ""Sometimes"" or ""Never"" discussed possible side effects","Staff ""sometimes"" or ""never"" explained possible side effects",NA,,16,,NA,154,,14,,2022-01-01,2022-12-31
050660,USC KENNETH NORRIS JR CANCER HOSPITAL,1441 EASTLAKE AVE,LOS ANGELES,CA,90089,LOS ANGELES,(323) 865-3000,H_SIDE_EFFECTS_U_P,"Patients who reported that when receiving new medication the staff ""Usually"" discussed possible side effects","Staff ""usually"" explained possible side effects",NA,,30,,NA,154,,14,,2022-01-01,2022-12-31
050660,USC KENNETH NORRIS JR CANCER HOSPITAL,1441 EASTLAKE AVE,LOS ANGELES,CA,90089,LOS ANGELES,(323) 865-3000,H_COMP_6_N_P,"Patients who reported that NO, they were not given information about what to do during their recovery at home","No, staff ""did not"" give patients this information",NA,,13,,NA,154,,14,,2022-01-01,2022-12-31
050660,USC KENNETH NORRIS JR CANCER HOSPITAL,1441 EASTLAKE AVE,LOS ANGELES,CA,90089,LOS ANGELES,(323) 865-3000,H_COMP_6_Y_P,"Patients who reported that YES, they were given information about what to do during their recovery at home","Yes, staff ""did"" give patients this information",NA,,87,,NA,154,,14,,2022-01-01,2022-12-31
050660,USC KENNETH NORRIS JR CANCER HOSPITAL,1441 EASTLAKE AVE,LOS ANGELES,CA,90089,LOS ANGELES,(323) 865-3000,H_COMP_6_LINEAR_SCORE,Discharge information - linear mean score,Discharge information - linear mean score,NA,,NA,,87,154,,14,,2022-01-01,2022-12-31
050660,USC KENNETH NORRIS JR CANCER HOSPITAL,1441 EASTLAKE AVE,LOS ANGELES,CA,90089,LOS ANGELES,(323) 865-3000,H_COMP_6_STAR_RATING,Discharge information - star rating,Discharge information - star rating,4,,NA,,NA,154,,14,,2022-01-01,2022-12-31
050660,USC KENNETH NORRIS JR CANCER HOSPITAL,1441 EASTLAKE AVE,LOS ANGELES,CA,90089,LOS ANGELES,(323) 865-3000,H_DISCH_HELP_N_P,"Patients who reported that NO, they did not discuss whether they would need help after discharge","No, staff ""did not"" give patients information about help after discharge",NA,,11,,NA,154,,14,,2022-01-01,2022-12-31
050660,USC KENNETH NORRIS JR CANCER HOSPITAL,1441 EASTLAKE AVE,LOS ANGELES,CA,90089,LOS ANGELES,(323) 865-3000,H_DISCH_HELP_Y_P,"Patients who reported that YES, they did discuss whether they would need help after discharge","Yes, staff ""did"" give patients information about help after discharge",NA,,89,,NA,154,,14,,2022-01-01,2022-12-31
050660,USC KENNETH NORRIS JR CANCER HOSPITAL,1441 EASTLAKE AVE,LOS ANGELES,CA,90089,LOS ANGELES,(323) 865-3000,H_SYMPTOMS_N_P,"Patients who reported that NO, they did not receive written information about possible symptoms to look out for after discharge","No, staff ""did not"" give patients information about possible symptoms",NA,,15,,NA,154,,14,,2022-01-01,2022-12-31
050660,USC KENNETH NORRIS JR CANCER HOSPITAL,1441 EASTLAKE AVE,LOS ANGELES,CA,90089,LOS ANGELES,(323) 865-3000,H_SYMPTOMS_Y_P,"Patients who reported that YES, they did receive written information about possible symptoms to look out for after discharge","Yes, staff ""did"" give patients information about possible symptoms",NA,,85,,NA,154,,14,,2022-01-01,2022-12-31
050660,USC KENNETH NORRIS JR CANCER HOSPITAL,1441 EASTLAKE AVE,LOS ANGELES,CA,90089,LOS ANGELES,(323) 865-3000,H_COMP_7_A,"Patients who ""Agree"" they understood their care when they left the hospital","Patients who ""Agree"" they understood their care when they left the hospital",NA,,33,,NA,154,,14,,2022-01-01,2022-12-31
050660,USC KENNETH NORRIS JR CANCER HOSPITAL,1441 EASTLAKE AVE,LOS ANGELES,CA,90089,LOS ANGELES,(323) 865-3000,H_COMP_7_D_SD,"Patients who ""Disagree"" or ""Strongly Disagree"" they understood their care when they left the hospital","Patients who ""Disagree"" or ""Strongly Disagree"" they understood their care when they left the hospital",NA,,2,,NA,154,,14,,2022-01-01,2022-12-31
050660,USC KENNETH NORRIS JR CANCER HOSPITAL,1441 EASTLAKE AVE,LOS ANGELES,CA,90089,LOS ANGELES,(323) 865-3000,H_COMP_7_SA,"Patients who ""Strongly Agree"" they understood their care when they left the hospital","Patients who ""Strongly Agree"" they understood their care when they left the hospital",NA,,65,,NA,154,,14,,2022-01-01,2022-12-31
050660,USC KENNETH NORRIS JR CANCER HOSPITAL,1441 EASTLAKE AVE,LOS ANGELES,CA,90089,LOS ANGELES,(323) 865-3000,H_COMP_7_LINEAR_SCORE,Care transition - linear mean score,Care transition - linear mean score,NA,,NA,,88,154,,14,,2022-01-01,2022-12-31
050660,USC KENNETH NORRIS JR CANCER HOSPITAL,1441 EASTLAKE AVE,LOS ANGELES,CA,90089,LOS ANGELES,(323) 865-3000,H_COMP_7_STAR_RATING,Care transition - star rating,Care transition - star rating,5,,NA,,NA,154,,14,,2022-01-01,2022-12-31
050660,USC KENNETH NORRIS JR CANCER HOSPITAL,1441 EASTLAKE AVE,LOS ANGELES,CA,90089,LOS ANGELES,(323) 865-3000,H_CT_PREFER_A,"Patients who ""Agree"" that the staff took my preferences into account when determining my health care needs","Patients who ""Agree"" that staff took their preferences into account",NA,,36,,NA,154,,14,,2022-01-01,2022-12-31
050660,USC KENNETH NORRIS JR CANCER HOSPITAL,1441 EASTLAKE AVE,LOS ANGELES,CA,90089,LOS ANGELES,(323) 865-3000,H_CT_PREFER_D_SD,"Patients who ""Disagree"" or ""Strongly Disagree"" that the staff took my preferences into account when determining my health care needs","Patients who ""Disagree"" or ""Strongly Disagree"" that staff took their preferences into account",NA,,2,,NA,154,,14,,2022-01-01,2022-12-31
050660,USC KENNETH NORRIS JR CANCER HOSPITAL,1441 EASTLAKE AVE,LOS ANGELES,CA,90089,LOS ANGELES,(323) 865-3000,H_CT_PREFER_SA,"Patients who ""Strongly Agree"" that the staff took my preferences into account when determining my health care needs","Patients who ""Strongly Agree"" that staff took their preferences into account",NA,,62,,NA,154,,14,,2022-01-01,2022-12-31
050660,USC KENNETH NORRIS JR CANCER HOSPITAL,1441 EASTLAKE AVE,LOS ANGELES,CA,90089,LOS ANGELES,(323) 865-3000,H_CT_UNDER_A,"Patients who ""Agree"" that they understood their responsiblities in managing their health","Patients who ""Agree"" they understood their responsiblities when they left the hospital",NA,,36,,NA,154,,14,,2022-01-01,2022-12-31
050660,USC KENNETH NORRIS JR CANCER HOSPITAL,1441 EASTLAKE AVE,LOS ANGELES,CA,90089,LOS ANGELES,(323) 865-3000,H_CT_UNDER_D_SD,"Patients who ""Disagree"" or ""Strongly Disagree"" that they understood their responsiblities in managing their health","Patients who ""Disagree"" or ""Strongly Disagree"" they understood their responsiblities when they left the hospital",NA,,2,,NA,154,,14,,2022-01-01,2022-12-31
050660,USC KENNETH NORRIS JR CANCER HOSPITAL,1441 EASTLAKE AVE,LOS ANGELES,CA,90089,LOS ANGELES,(323) 865-3000,H_CT_UNDER_SA,"Patients who ""Strongly Agree"" that they understood their responsiblities in managing their health","Patients who ""Strongly Agree"" they understood their responsiblities when they left the hospital",NA,,62,,NA,154,,14,,2022-01-01,2022-12-31
050660,USC KENNETH NORRIS JR CANCER HOSPITAL,1441 EASTLAKE AVE,LOS ANGELES,CA,90089,LOS ANGELES,(323) 865-3000,H_CT_MED_A,"Patients who ""Agree"" that they understood the purposes of their medications when leaving the hospital","Patients who ""Agree"" they understood their medications when they left the hospital",NA,,27,,NA,154,,14,,2022-01-01,2022-12-31
050660,USC KENNETH NORRIS JR CANCER HOSPITAL,1441 EASTLAKE AVE,LOS ANGELES,CA,90089,LOS ANGELES,(323) 865-3000,H_CT_MED_D_SD,"Patients who ""Disagree"" or ""Strongly Disagree"" that they understood the purposes of their medications when leaving the hospital","Patients who ""Disagree"" or ""Strongly Disagree"" they understood their medications when they left the hospital",NA,,3,,NA,154,,14,,2022-01-01,2022-12-31
050660,USC KENNETH NORRIS JR CANCER HOSPITAL,1441 EASTLAKE AVE,LOS ANGELES,CA,90089,LOS ANGELES,(323) 865-3000,H_CT_MED_SA,"Patients who ""Strongly Agree"" that they understood the purposes of their medications when leaving the hospital","Patients who ""Strongly Agree"" they understood their medications when they left the hospital",NA,,70,,NA,154,,14,,2022-01-01,2022-12-31
050660,USC KENNETH NORRIS JR CANCER HOSPITAL,1441 EASTLAKE AVE,LOS ANGELES,CA,90089,LOS ANGELES,(323) 865-3000,H_CLEAN_HSP_A_P,"Patients who reported that their room and bathroom were ""Always"" clean","Room was ""always"" clean",NA,,77,,NA,154,,14,,2022-01-01,2022-12-31
050660,USC KENNETH NORRIS JR CANCER HOSPITAL,1441 EASTLAKE AVE,LOS ANGELES,CA,90089,LOS ANGELES,(323) 865-3000,H_CLEAN_HSP_SN_P,"Patients who reported that their room and bathroom were ""Sometimes"" or ""Never"" clean","Room was ""sometimes"" or ""never"" clean",NA,,5,,NA,154,,14,,2022-01-01,2022-12-31
050660,USC KENNETH NORRIS JR CANCER HOSPITAL,1441 EASTLAKE AVE,LOS ANGELES,CA,90089,LOS ANGELES,(323) 865-3000,H_CLEAN_HSP_U_P,"Patients who reported that their room and bathroom were ""Usually"" clean","Room was ""usually"" clean",NA,,18,,NA,154,,14,,2022-01-01,2022-12-31
050660,USC KENNETH NORRIS JR CANCER HOSPITAL,1441 EASTLAKE AVE,LOS ANGELES,CA,90089,LOS ANGELES,(323) 865-3000,H_CLEAN_LINEAR_SCORE,Cleanliness - linear mean score,Cleanliness - linear mean score,NA,,NA,,90,154,,14,,2022-01-01,2022-12-31
050660,USC KENNETH NORRIS JR CANCER HOSPITAL,1441 EASTLAKE AVE,LOS ANGELES,CA,90089,LOS ANGELES,(323) 865-3000,H_CLEAN_STAR_RATING,Cleanliness - star rating,Cleanliness - star rating,4,,NA,,NA,154,,14,,2022-01-01,2022-12-31
050660,USC KENNETH NORRIS JR CANCER HOSPITAL,1441 EASTLAKE AVE,LOS ANGELES,CA,90089,LOS ANGELES,(323) 865-3000,H_QUIET_HSP_A_P,"Patients who reported that the area around their room was ""Always"" quiet at night","""Always"" quiet at night",NA,,65,,NA,154,,14,,2022-01-01,2022-12-31
050660,USC KENNETH NORRIS JR CANCER HOSPITAL,1441 EASTLAKE AVE,LOS ANGELES,CA,90089,LOS ANGELES,(323) 865-3000,H_QUIET_HSP_SN_P,"Patients who reported that the area around their room was ""Sometimes"" or ""Never"" quiet at night","""Sometimes"" or ""never"" quiet at night",NA,,5,,NA,154,,14,,2022-01-01,2022-12-31
050660,USC KENNETH NORRIS JR CANCER HOSPITAL,1441 EASTLAKE AVE,LOS ANGELES,CA,90089,LOS ANGELES,(323) 865-3000,H_QUIET_HSP_U_P,"Patients who reported that the area around their room was ""Usually"" quiet at night","""Usually"" quiet at night",NA,,30,,NA,154,,14,,2022-01-01,2022-12-31
050660,USC KENNETH NORRIS JR CANCER HOSPITAL,1441 EASTLAKE AVE,LOS ANGELES,CA,90089,LOS ANGELES,(323) 865-3000,H_QUIET_LINEAR_SCORE,Quietness - linear mean score,Quietness - linear mean score,NA,,NA,,87,154,,14,,2022-01-01,2022-12-31
050660,USC KENNETH NORRIS JR CANCER HOSPITAL,1441 EASTLAKE AVE,LOS ANGELES,CA,90089,LOS ANGELES,(323) 865-3000,H_QUIET_STAR_RATING,Quietness - star rating,Quietness - star rating,4,,NA,,NA,154,,14,,2022-01-01,2022-12-31
050660,USC KENNETH NORRIS JR CANCER HOSPITAL,1441 EASTLAKE AVE,LOS ANGELES,CA,90089,LOS ANGELES,(323) 865-3000,H_HSP_RATING_0_6,Patients who gave their hospital a rating of 6 or lower on a scale from 0 (lowest) to 10 (highest),"Patients who gave a rating of ""6"" or lower (low)",NA,,1,,NA,154,,14,,2022-01-01,2022-12-31
050660,USC KENNETH NORRIS JR CANCER HOSPITAL,1441 EASTLAKE AVE,LOS ANGELES,CA,90089,LOS ANGELES,(323) 865-3000,H_HSP_RATING_7_8,Patients who gave their hospital a rating of 7 or 8 on a scale from 0 (lowest) to 10 (highest),"Patients who gave a rating of ""7"" or ""8"" (medium)",NA,,12,,NA,154,,14,,2022-01-01,2022-12-31
050660,USC KENNETH NORRIS JR CANCER HOSPITAL,1441 EASTLAKE AVE,LOS ANGELES,CA,90089,LOS ANGELES,(323) 865-3000,H_HSP_RATING_9_10,Patients who gave their hospital a rating of 9 or 10 on a scale from 0 (lowest) to 10 (highest),"Patients who gave a rating of ""9"" or ""10"" (high)",NA,,87,,NA,154,,14,,2022-01-01,2022-12-31
050660,USC KENNETH NORRIS JR CANCER HOSPITAL,1441 EASTLAKE AVE,LOS ANGELES,CA,90089,LOS ANGELES,(323) 865-3000,H_HSP_RATING_LINEAR_SCORE,Overall hospital rating - linear mean score,Overall hospital rating - linear mean score,NA,,NA,,95,154,,14,,2022-01-01,2022-12-31
050660,USC KENNETH NORRIS JR CANCER HOSPITAL,1441 EASTLAKE AVE,LOS ANGELES,CA,90089,LOS ANGELES,(323) 865-3000,H_HSP_RATING_STAR_RATING,Overall hospital rating - star rating,Overall hospital rating - star rating,5,,NA,,NA,154,,14,,2022-01-01,2022-12-31
050660,USC KENNETH NORRIS JR CANCER HOSPITAL,1441 EASTLAKE AVE,LOS ANGELES,CA,90089,LOS ANGELES,(323) 865-3000,H_RECMND_DN,"Patients who reported NO, they would probably not or definitely not recommend the hospital","""NO"", patients would not recommend the hospital (they probably would not or definitely would not recommend it)",NA,,1,,NA,154,,14,,2022-01-01,2022-12-31
050660,USC KENNETH NORRIS JR CANCER HOSPITAL,1441 EASTLAKE AVE,LOS ANGELES,CA,90089,LOS ANGELES,(323) 865-3000,H_RECMND_DY,"Patients who reported YES, they would definitely recommend the hospital","""YES"", patients would definitely recommend the hospital",NA,,88,,NA,154,,14,,2022-01-01,2022-12-31
050660,USC KENNETH NORRIS JR CANCER HOSPITAL,1441 EASTLAKE AVE,LOS ANGELES,CA,90089,LOS ANGELES,(323) 865-3000,H_RECMND_PY,"Patients who reported YES, they would probably recommend the hospital","""YES"", patients would probably recommend the hospital",NA,,11,,NA,154,,14,,2022-01-01,2022-12-31
050660,USC KENNETH NORRIS JR CANCER HOSPITAL,1441 EASTLAKE AVE,LOS ANGELES,CA,90089,LOS ANGELES,(323) 865-3000,H_RECMND_LINEAR_SCORE,Recommend hospital - linear mean score,Recommend hospital - linear mean score,NA,,NA,,96,154,,14,,2022-01-01,2022-12-31
050660,USC KENNETH NORRIS JR CANCER HOSPITAL,1441 EASTLAKE AVE,LOS ANGELES,CA,90089,LOS ANGELES,(323) 865-3000,H_RECMND_STAR_RATING,Recommend hospital - star rating,Recommend hospital - star rating,5,,NA,,NA,154,,14,,2022-01-01,2022-12-31
050660,USC KENNETH NORRIS JR CANCER HOSPITAL,1441 EASTLAKE AVE,LOS ANGELES,CA,90089,LOS ANGELES,(323) 865-3000,H_STAR_RATING,Summary star rating,Summary star rating,5,,NA,,NA,154,,14,,2022-01-01,2022-12-31
