facility_id,HAI_1_SIR,HAI_2_SIR,HAI_3_SIR,HAI_4_SIR,HAI_5_SIR,HAI_6_SIR,H_COMP_1_STAR_RATING,H_COMP_2_STAR_RATING,H_COMP_3_STAR_RATING,emergency_department_volume,facility_name,city_town,zip_code,cbsa,cbsa_title,urban_area,ua_title,inland_empire
050002,NA,NA,NA,NA,NA,No Different than National Benchmark,medium,medium,medium,medium,ST ROSE HOSPITAL,HAYWARD,94545,41860,"San Francisco-Oakland-Fremont, CA",78904,"San Francisco--Oakland, CA",no
050006,Better than the National Benchmark,Better than the National Benchmark,No Different than National Benchmark,NA,No Different than National Benchmark,Better than the National Benchmark,medium,medium,medium,medium,PROVIDENCE ST JOSEPH HOSPITAL,EUREKA,95501,21700,"Eureka-Arcata, CA",28198,"Eureka, CA",no
050007,No Different than National Benchmark,No Different than National Benchmark,No Different than National Benchmark,NA,No Different than National Benchmark,Better than the National Benchmark,medium,medium,medium,high,PENINSULA MEDICAL CENTER,BURLINGAME,94010,41860,"San Francisco-Oakland-Fremont, CA",78904,"San Francisco--Oakland, CA",no
050008,No Different than National Benchmark,No Different than National Benchmark,NA,NA,No Different than National Benchmark,No Different than National Benchmark,medium,medium,medium,low,CALIFORNIA PACIFIC MEDICAL CTR-DAVIES CAMPUS HOSP,SAN FRANCISCO,94117,41860,"San Francisco-Oakland-Fremont, CA",78904,"San Francisco--Oakland, CA",no
050009,No Different than National Benchmark,No Different than National Benchmark,No Different than National Benchmark,NA,NA,Better than the National Benchmark,medium,medium,medium,medium,PROVIDENCE QUEEN OF THE VALLEY MEDICAL CENTER,NAPA,94558,34900,"Napa, CA",61057,"Napa, CA",no
050013,No Different than National Benchmark,No Different than National Benchmark,NA,NA,NA,No Different than National Benchmark,medium,medium,excellent,low,ADVENTIST HEALTH ST HELENA,SAINT HELENA,94574,34900,"Napa, CA",77500,"St. Helena, CA",no
050014,NA,NA,NA,NA,NA,No Different than National Benchmark,medium,medium,medium,medium,SUTTER AMADOR HOSPITAL,JACKSON,95642,99999,NA,42049,"Jackson, CA",no
050017,No Different than National Benchmark,No Different than National Benchmark,No Different than National Benchmark,No Different than National Benchmark,No Different than National Benchmark,Better than the National Benchmark,medium,medium,medium,medium,MERCY GENERAL HOSPITAL,SACRAMENTO,95819,40900,"Sacramento-Roseville-Folsom, CA",77068,"Sacramento, CA",no
050022,Worse than the National Benchmark,No Different than National Benchmark,No Different than National Benchmark,NA,No Different than National Benchmark,Better than the National Benchmark,medium,medium,medium,very high,RIVERSIDE COMMUNITY HOSPITAL,RIVERSIDE,92501,40140,"Riverside-San Bernardino-Ontario, CA",75340,"Riverside--San Bernardino, CA",yes
050024,NA,No Different than National Benchmark,NA,NA,NA,Better than the National Benchmark,medium,medium,medium,medium,PARADISE VALLEY HOSPITAL,NATIONAL CITY,91950,41740,"San Diego-Chula Vista-Carlsbad, CA",78661,"San Diego, CA",no
050025,Better than the National Benchmark,No Different than National Benchmark,Better than the National Benchmark,No Different than National Benchmark,No Different than National Benchmark,Better than the National Benchmark,medium,medium,medium,very high,UC SAN DIEGO HEALTH HILLCREST - HILLCREST MED CTR,SAN DIEGO,92103,41740,"San Diego-Chula Vista-Carlsbad, CA",78661,"San Diego, CA",no
050026,Better than the National Benchmark,Better than the National Benchmark,No Different than National Benchmark,NA,Better than the National Benchmark,Better than the National Benchmark,medium,medium,medium,very high,GROSSMONT HOSPITAL,LA MESA,91942,41740,"San Diego-Chula Vista-Carlsbad, CA",78661,"San Diego, CA",no
050028,NA,NA,NA,NA,NA,No Different than National Benchmark,medium,medium,medium,low,MAD RIVER COMMUNITY HOSPITAL,ARCATA,95521,21700,"Eureka-Arcata, CA",02930,"Arcata, CA",no
050030,No Different than National Benchmark,No Different than National Benchmark,NA,NA,No Different than National Benchmark,No Different than National Benchmark,medium,poor,medium,medium,OROVILLE HOSPITAL,OROVILLE,95966,17020,"Chico, CA",65944,"Oroville, CA",no
050036,No Different than National Benchmark,Better than the National Benchmark,No Different than National Benchmark,No Different than National Benchmark,No Different than National Benchmark,Better than the National Benchmark,medium,medium,medium,very high,BAKERSFIELD MEMORIAL HOSPITAL,BAKERSFIELD,93301,12540,"Bakersfield-Delano, CA",04681,"Bakersfield, CA",no
050038,No Different than National Benchmark,No Different than National Benchmark,Worse than the National Benchmark,NA,Better than the National Benchmark,Better than the National Benchmark,medium,medium,medium,very high,SANTA CLARA VALLEY MEDICAL CENTER,SAN JOSE,95128,41940,"San Jose-Sunnyvale-Santa Clara, CA",79039,"San Jose, CA",no
050039,Better than the National Benchmark,Better than the National Benchmark,Better than the National Benchmark,NA,No Different than National Benchmark,No Different than National Benchmark,medium,medium,medium,very high,ENLOE MEDICAL CENTER,CHICO,95926,17020,"Chico, CA",16318,"Chico, CA",no
050040,Better than the National Benchmark,No Different than National Benchmark,No Different than National Benchmark,NA,No Different than National Benchmark,No Different than National Benchmark,medium,medium,medium,high,LAC/OLIVE VIEW-UCLA MEDICAL CENTER,SYLMAR,91342,31080,"Los Angeles-Long Beach-Anaheim, CA",51445,"Los Angeles--Long Beach--Anaheim, CA",no
050042,NA,NA,NA,NA,NA,No Different than National Benchmark,medium,medium,medium,medium,ST ELIZABETH COMMUNITY HOSPITAL,RED BLUFF,96080,39780,"Red Bluff, CA",73720,"Red Bluff, CA",no
050043,No Different than National Benchmark,Better than the National Benchmark,No Different than National Benchmark,NA,No Different than National Benchmark,Better than the National Benchmark,medium,medium,medium,medium,ALTA BATES SUMMIT MEDICAL CENTER,OAKLAND,94609,41860,"San Francisco-Oakland-Fremont, CA",78904,"San Francisco--Oakland, CA",no
050045,Worse than the National Benchmark,Worse than the National Benchmark,No Different than National Benchmark,NA,No Different than National Benchmark,No Different than National Benchmark,medium,poor,poor,medium,EL CENTRO REGIONAL MEDICAL CENTER,EL CENTRO,92243,20940,"El Centro, CA",26405,"El Centro, CA",no
050047,Better than the National Benchmark,No Different than National Benchmark,Better than the National Benchmark,NA,No Different than National Benchmark,Better than the National Benchmark,medium,medium,medium,medium,CALIFORNIA PACIFIC MEDICAL CENTER- VAN NESS CAMPUS,SAN FRANCISCO,94109,41860,"San Francisco-Oakland-Fremont, CA",78904,"San Francisco--Oakland, CA",no
050054,Worse than the National Benchmark,No Different than National Benchmark,NA,NA,NA,No Different than National Benchmark,medium,medium,medium,medium,SAN GORGONIO MEMORIAL HOSPITAL,BANNING,92220,40140,"Riverside-San Bernardino-Ontario, CA",75340,"Riverside--San Bernardino, CA",yes
050055,No Different than National Benchmark,No Different than National Benchmark,No Different than National Benchmark,NA,No Different than National Benchmark,Better than the National Benchmark,medium,medium,medium,low,CALIFORNIA PACIFIC MEDICAL CENTER - MISSION BERNAL,SAN FRANCISCO,94110,41860,"San Francisco-Oakland-Fremont, CA",78904,"San Francisco--Oakland, CA",no
050056,No Different than National Benchmark,No Different than National Benchmark,No Different than National Benchmark,No Different than National Benchmark,No Different than National Benchmark,Better than the National Benchmark,medium,medium,medium,very high,ANTELOPE VALLEY HOSPITAL,LANCASTER,93534,31080,"Los Angeles-Long Beach-Anaheim, CA",67140,"Palmdale--Lancaster, CA",no
050057,No Different than National Benchmark,No Different than National Benchmark,No Different than National Benchmark,NA,No Different than National Benchmark,Better than the National Benchmark,medium,medium,medium,very high,KAWEAH HEALTH MEDICAL CENTER,VISALIA,93291,47300,"Visalia, CA",90946,"Visalia, CA",no
050058,No Different than National Benchmark,No Different than National Benchmark,No Different than National Benchmark,NA,No Different than National Benchmark,Better than the National Benchmark,medium,medium,medium,medium,GLENDALE MEM HOSPITAL & HLTH CENTER,GLENDALE,91204,31080,"Los Angeles-Long Beach-Anaheim, CA",51445,"Los Angeles--Long Beach--Anaheim, CA",no
050060,No Different than National Benchmark,Worse than the National Benchmark,No Different than National Benchmark,Worse than the National Benchmark,No Different than National Benchmark,No Different than National Benchmark,medium,medium,poor,very high,COMMUNITY REGIONAL MEDICAL CENTER,FRESNO,93721,23420,"Fresno, CA",31843,"Fresno, CA",no
050063,No Different than National Benchmark,No Different than National Benchmark,No Different than National Benchmark,NA,No Different than National Benchmark,Better than the National Benchmark,medium,poor,medium,medium,HOLLYWOOD PRESBYTERIAN MEDICAL CENTER,LOS ANGELES,90027,31080,"Los Angeles-Long Beach-Anaheim, CA",51445,"Los Angeles--Long Beach--Anaheim, CA",no
050067,NA,NA,NA,NA,NA,NA,NA,NA,NA,low,OAK VALLEY HOSPITAL DISTRICT,OAKDALE,95361,33700,"Modesto, CA",64270,"Oakdale, CA",no
050069,No Different than National Benchmark,No Different than National Benchmark,No Different than National Benchmark,No Different than National Benchmark,No Different than National Benchmark,No Different than National Benchmark,medium,medium,medium,very high,PROVIDENCE ST. JOSEPH HOSPITAL,ORANGE,92868,31080,"Los Angeles-Long Beach-Anaheim, CA",51445,"Los Angeles--Long Beach--Anaheim, CA",no
050070,No Different than National Benchmark,No Different than National Benchmark,No Different than National Benchmark,NA,No Different than National Benchmark,Better than the National Benchmark,medium,medium,medium,NA,KAISER FOUNDATION HOSPITAL - SOUTH SAN FRANCISCO,SOUTH SAN FRANCISCO,94080,41860,"San Francisco-Oakland-Fremont, CA",78904,"San Francisco--Oakland, CA",no
050071,Better than the National Benchmark,No Different than National Benchmark,Better than the National Benchmark,No Different than National Benchmark,No Different than National Benchmark,Better than the National Benchmark,medium,medium,medium,NA,KAISER FOUNDATION HOSPITAL-SANTA CLARA,SANTA CLARA,95051,41940,"San Jose-Sunnyvale-Santa Clara, CA",79039,"San Jose, CA",no
050072,No Different than National Benchmark,No Different than National Benchmark,No Different than National Benchmark,NA,Better than the National Benchmark,Better than the National Benchmark,medium,medium,medium,NA,KAISER FOUNDATION HOSPITAL - WALNUT CREEK,WALNUT CREEK,94596,41860,"San Francisco-Oakland-Fremont, CA",19504,"Concord--Walnut Creek, CA",no
050073,No Different than National Benchmark,Better than the National Benchmark,No Different than National Benchmark,NA,No Different than National Benchmark,Better than the National Benchmark,medium,medium,medium,NA,KAISER FOUNDATION HOSPITAL AND REHAB CENTER,VALLEJO,94589,46700,"Vallejo, CA",90028,"Vallejo, CA",no
050075,No Different than National Benchmark,No Different than National Benchmark,No Different than National Benchmark,NA,Better than the National Benchmark,Better than the National Benchmark,medium,medium,medium,NA,KAISER FOUNDATION HOSPITAL - OAKLAND/RICHMOND,OAKLAND,94611,41860,"San Francisco-Oakland-Fremont, CA",78904,"San Francisco--Oakland, CA",no
050076,No Different than National Benchmark,No Different than National Benchmark,No Different than National Benchmark,NA,No Different than National Benchmark,Better than the National Benchmark,medium,medium,medium,NA,KAISER FOUNDATION HOSPITAL - SAN FRANCISCO,SAN FRANCISCO,94115,41860,"San Francisco-Oakland-Fremont, CA",78904,"San Francisco--Oakland, CA",no
050077,No Different than National Benchmark,No Different than National Benchmark,Worse than the National Benchmark,NA,No Different than National Benchmark,Better than the National Benchmark,medium,medium,medium,very high,SCRIPPS MERCY HOSPITAL,SAN DIEGO,92103,41740,"San Diego-Chula Vista-Carlsbad, CA",78661,"San Diego, CA",no
050078,NA,Worse than the National Benchmark,NA,NA,No Different than National Benchmark,No Different than National Benchmark,medium,medium,medium,medium,PROVIDENCE LITTLE CO OF MARY MED CTR SAN PEDRO,SAN PEDRO,90732,31080,"Los Angeles-Long Beach-Anaheim, CA",51445,"Los Angeles--Long Beach--Anaheim, CA",no
050082,No Different than National Benchmark,No Different than National Benchmark,Better than the National Benchmark,NA,No Different than National Benchmark,Better than the National Benchmark,medium,medium,medium,high,ST JOHNS REGIONAL MEDICAL CENTER,OXNARD,93030,37100,"Oxnard-Thousand Oaks-Ventura, CA",66673,"Oxnard--San Buenaventura (Ventura), CA",no
050084,No Different than National Benchmark,No Different than National Benchmark,No Different than National Benchmark,NA,No Different than National Benchmark,Better than the National Benchmark,medium,medium,medium,very high,ST JOSEPH'S MEDICAL CENTER OF STOCKTON,STOCKTON,95204,44700,"Stockton-Lodi, CA",85087,"Stockton, CA",no
050089,No Different than National Benchmark,No Different than National Benchmark,No Different than National Benchmark,NA,No Different than National Benchmark,Better than the National Benchmark,medium,medium,medium,very high,COMMUNITY HOSPITAL OF SAN BERNARDINO,SAN BERNARDINO,92411,40140,"Riverside-San Bernardino-Ontario, CA",75340,"Riverside--San Bernardino, CA",yes
050090,NA,NA,NA,NA,NA,No Different than National Benchmark,medium,medium,excellent,low,SONOMA VALLEY HOSPITAL,SONOMA,95476,42220,"Santa Rosa-Petaluma, CA",83008,"Sonoma, CA",no
050091,NA,NA,NA,NA,NA,No Different than National Benchmark,medium,poor,medium,medium,COMMUNITY HOSPITAL OF HUNTINGTON PARK,HUNTINGTON PARK,90255,31080,"Los Angeles-Long Beach-Anaheim, CA",51445,"Los Angeles--Long Beach--Anaheim, CA",no
050093,Worse than the National Benchmark,No Different than National Benchmark,No Different than National Benchmark,No Different than National Benchmark,No Different than National Benchmark,Better than the National Benchmark,medium,poor,medium,very high,SAINT AGNES MEDICAL CENTER,FRESNO,93710,23420,"Fresno, CA",31843,"Fresno, CA",no
050096,NA,NA,NA,NA,NA,NA,NA,NA,NA,NA,"WEST COVINA MEDICAL CENTER, INC",WEST COVINA,91790,31080,"Los Angeles-Long Beach-Anaheim, CA",51445,"Los Angeles--Long Beach--Anaheim, CA",no
050099,No Different than National Benchmark,No Different than National Benchmark,No Different than National Benchmark,No Different than National Benchmark,No Different than National Benchmark,Better than the National Benchmark,medium,medium,medium,very high,SAN ANTONIO REGIONAL HOSPITAL,UPLAND,91786,40140,"Riverside-San Bernardino-Ontario, CA",51445,"Los Angeles--Long Beach--Anaheim, CA",yes
050100,No Different than National Benchmark,Better than the National Benchmark,No Different than National Benchmark,No Different than National Benchmark,Better than the National Benchmark,Better than the National Benchmark,medium,medium,medium,very high,SHARP MEMORIAL HOSPITAL,SAN DIEGO,92123,41740,"San Diego-Chula Vista-Carlsbad, CA",78661,"San Diego, CA",no
050101,No Different than National Benchmark,No Different than National Benchmark,No Different than National Benchmark,NA,NA,Better than the National Benchmark,medium,medium,medium,medium,SUTTER SOLANO MEDICAL CENTER,VALLEJO,94589,46700,"Vallejo, CA",90028,"Vallejo, CA",no
050102,No Different than National Benchmark,No Different than National Benchmark,NA,NA,No Different than National Benchmark,Better than the National Benchmark,medium,medium,medium,high,PARKVIEW COMMUNITY HOSPITAL MEDICAL CENTER,RIVERSIDE,92503,40140,"Riverside-San Bernardino-Ontario, CA",75340,"Riverside--San Bernardino, CA",yes
050103,No Different than National Benchmark,No Different than National Benchmark,No Different than National Benchmark,NA,No Different than National Benchmark,Better than the National Benchmark,medium,medium,medium,high,WHITE MEMORIAL MEDICAL CENTER,LOS ANGELES,90033,31080,"Los Angeles-Long Beach-Anaheim, CA",51445,"Los Angeles--Long Beach--Anaheim, CA",no
050104,No Different than National Benchmark,No Different than National Benchmark,Better than the National Benchmark,NA,No Different than National Benchmark,Better than the National Benchmark,medium,poor,medium,high,SAINT FRANCIS MEDICAL CENTER,LYNWOOD,90262,31080,"Los Angeles-Long Beach-Anaheim, CA",51445,"Los Angeles--Long Beach--Anaheim, CA",no
050107,No Different than National Benchmark,No Different than National Benchmark,No Different than National Benchmark,NA,No Different than National Benchmark,Better than the National Benchmark,medium,medium,medium,very high,MARIAN REGIONAL MEDICAL CENTER,SANTA MARIA,93454,42200,"Santa Maria-Santa Barbara, CA",79417,"Santa Maria, CA",no
050108,No Different than National Benchmark,No Different than National Benchmark,No Different than National Benchmark,No Different than National Benchmark,No Different than National Benchmark,Better than the National Benchmark,medium,medium,medium,very high,"SUTTER MEDICAL CENTER, SACRAMENTO",SACRAMENTO,95816,40900,"Sacramento-Roseville-Folsom, CA",77068,"Sacramento, CA",no
050110,NA,No Different than National Benchmark,NA,NA,NA,No Different than National Benchmark,medium,medium,medium,medium,LOMPOC VALLEY MEDICAL CENTER,LOMPOC,93436,42200,"Santa Maria-Santa Barbara, CA",51040,"Lompoc, CA",no
050112,No Different than National Benchmark,No Different than National Benchmark,No Different than National Benchmark,NA,No Different than National Benchmark,Better than the National Benchmark,medium,medium,medium,high,SANTA MONICA - UCLA MED CTR & ORTHOPAEDIC HOSPITAL,SANTA MONICA,90404,31080,"Los Angeles-Long Beach-Anaheim, CA",51445,"Los Angeles--Long Beach--Anaheim, CA",no
050113,No Different than National Benchmark,No Different than National Benchmark,NA,NA,NA,No Different than National Benchmark,medium,medium,medium,medium,SAN MATEO MEDICAL CENTER,SAN MATEO,94403,41860,"San Francisco-Oakland-Fremont, CA",78904,"San Francisco--Oakland, CA",no
050115,No Different than National Benchmark,No Different than National Benchmark,No Different than National Benchmark,NA,No Different than National Benchmark,Better than the National Benchmark,medium,medium,medium,very high,PALOMAR HEALTH DOWNTOWN CAMPUS,ESCONDIDO,92025,41740,"San Diego-Chula Vista-Carlsbad, CA",78661,"San Diego, CA",no
050116,Better than the National Benchmark,Better than the National Benchmark,No Different than National Benchmark,NA,Better than the National Benchmark,Better than the National Benchmark,medium,medium,medium,high,NORTHRIDGE HOSPITAL MEDICAL CENTER,NORTHRIDGE,91325,31080,"Los Angeles-Long Beach-Anaheim, CA",51445,"Los Angeles--Long Beach--Anaheim, CA",no
050118,Worse than the National Benchmark,No Different than National Benchmark,NA,NA,NA,No Different than National Benchmark,medium,medium,medium,medium,DOCTORS HOSPITAL OF MANTECA,MANTECA,95336,44700,"Stockton-Lodi, CA",54145,"Manteca, CA",no
050121,No Different than National Benchmark,No Different than National Benchmark,No Different than National Benchmark,NA,No Different than National Benchmark,Better than the National Benchmark,medium,medium,medium,very high,ADVENTIST HEALTH HANFORD,HANFORD,93230,25260,"Hanford-Corcoran, CA",36703,"Hanford, CA",no
050122,Worse than the National Benchmark,No Different than National Benchmark,No Different than National Benchmark,NA,NA,No Different than National Benchmark,medium,medium,medium,medium,DAMERON HOSPITAL,STOCKTON,95203,44700,"Stockton-Lodi, CA",85087,"Stockton, CA",no
050124,No Different than National Benchmark,No Different than National Benchmark,No Different than National Benchmark,NA,No Different than National Benchmark,No Different than National Benchmark,medium,medium,medium,medium,USC VERDUGO HILLS HOSPITAL,GLENDALE,91208,31080,"Los Angeles-Long Beach-Anaheim, CA",51445,"Los Angeles--Long Beach--Anaheim, CA",no
050125,No Different than National Benchmark,No Different than National Benchmark,No Different than National Benchmark,NA,No Different than National Benchmark,Better than the National Benchmark,medium,poor,medium,very high,REGIONAL MEDICAL CENTER OF SAN JOSE,SAN JOSE,95116,41940,"San Jose-Sunnyvale-Santa Clara, CA",79039,"San Jose, CA",no
050126,No Different than National Benchmark,No Different than National Benchmark,No Different than National Benchmark,NA,No Different than National Benchmark,Better than the National Benchmark,medium,medium,medium,high,VALLEY PRESBYTERIAN HOSPITAL,VAN NUYS,91406,31080,"Los Angeles-Long Beach-Anaheim, CA",51445,"Los Angeles--Long Beach--Anaheim, CA",no
050127,No Different than National Benchmark,No Different than National Benchmark,No Different than National Benchmark,NA,NA,No Different than National Benchmark,medium,medium,medium,medium,WOODLAND MEMORIAL HOSPITAL,WOODLAND,95695,40900,"Sacramento-Roseville-Folsom, CA",96994,"Woodland, CA",no
050128,No Different than National Benchmark,No Different than National Benchmark,No Different than National Benchmark,NA,No Different than National Benchmark,No Different than National Benchmark,medium,medium,medium,low,TRI-CITY MEDICAL CENTER,OCEANSIDE,92056,41740,"San Diego-Chula Vista-Carlsbad, CA",78661,"San Diego, CA",no
050129,No Different than National Benchmark,Better than the National Benchmark,No Different than National Benchmark,NA,No Different than National Benchmark,Better than the National Benchmark,medium,medium,medium,very high,ST BERNARDINE MEDICAL CENTER,SAN BERNARDINO,92404,40140,"Riverside-San Bernardino-Ontario, CA",75340,"Riverside--San Bernardino, CA",yes
050131,NA,NA,NA,NA,NA,Better than the National Benchmark,medium,medium,medium,low,NOVATO COMMUNITY HOSPITAL,NOVATO,94945,41860,"San Francisco-Oakland-Fremont, CA",78904,"San Francisco--Oakland, CA",no
050132,Worse than the National Benchmark,Better than the National Benchmark,NA,NA,No Different than National Benchmark,Better than the National Benchmark,medium,medium,medium,low,SAN GABRIEL VALLEY MEDICAL CENTER,SAN GABRIEL,91776,31080,"Los Angeles-Long Beach-Anaheim, CA",51445,"Los Angeles--Long Beach--Anaheim, CA",no
050133,Better than the National Benchmark,Better than the National Benchmark,No Different than National Benchmark,NA,Worse than the National Benchmark,Better than the National Benchmark,medium,medium,medium,very high,ADVENTIST HEALTH AND RIDEOUT,MARYSVILLE,95901,49700,"Yuba City, CA",97939,"Yuba City, CA",no
050135,Better than the National Benchmark,No Different than National Benchmark,NA,NA,No Different than National Benchmark,Better than the National Benchmark,poor,poor,poor,low,SOUTHERN CALIFORNIA HOSPITAL AT HOLLYWOOD,HOLLYWOOD,90028,31080,"Los Angeles-Long Beach-Anaheim, CA",51445,"Los Angeles--Long Beach--Anaheim, CA",no
050136,NA,NA,NA,NA,NA,No Different than National Benchmark,medium,medium,medium,low,PETALUMA VALLEY HOSPITAL,PETALUMA,94954,42220,"Santa Rosa-Petaluma, CA",68887,"Petaluma, CA",no
050137,No Different than National Benchmark,No Different than National Benchmark,No Different than National Benchmark,NA,No Different than National Benchmark,No Different than National Benchmark,medium,medium,medium,NA,KAISER FOUNDATION HOSPITAL - PANORAMA CITY,PANORAMA CITY,91402,31080,"Los Angeles-Long Beach-Anaheim, CA",51445,"Los Angeles--Long Beach--Anaheim, CA",no
050138,No Different than National Benchmark,No Different than National Benchmark,No Different than National Benchmark,No Different than National Benchmark,No Different than National Benchmark,Better than the National Benchmark,medium,medium,medium,NA,KAISER FOUNDATION HOSPITAL - LOS ANGELES,LOS ANGELES,90027,31080,"Los Angeles-Long Beach-Anaheim, CA",51445,"Los Angeles--Long Beach--Anaheim, CA",no
050139,No Different than National Benchmark,No Different than National Benchmark,No Different than National Benchmark,No Different than National Benchmark,No Different than National Benchmark,No Different than National Benchmark,medium,medium,medium,NA,KAISER FOUNDATION HOSPITAL - DOWNEY,DOWNEY,90242,31080,"Los Angeles-Long Beach-Anaheim, CA",51445,"Los Angeles--Long Beach--Anaheim, CA",no
050140,No Different than National Benchmark,No Different than National Benchmark,No Different than National Benchmark,No Different than National Benchmark,Better than the National Benchmark,Better than the National Benchmark,medium,medium,medium,NA,KAISER FOUNDATION HOSPITAL FONTANA/ONTARIO,FONTANA,92335,40140,"Riverside-San Bernardino-Ontario, CA",75340,"Riverside--San Bernardino, CA",yes
050145,No Different than National Benchmark,No Different than National Benchmark,No Different than National Benchmark,NA,No Different than National Benchmark,Better than the National Benchmark,medium,medium,medium,high,COMMUNITY HOSPITAL OF THE MONTEREY PENINSULA,MONTEREY,93940,41500,"Salinas, CA",80362,"Seaside--Monterey--Pacific Grove, CA",no
050149,No Different than National Benchmark,No Different than National Benchmark,No Different than National Benchmark,No Different than National Benchmark,Worse than the National Benchmark,Better than the National Benchmark,medium,poor,medium,very high,CALIFORNIA HOSPITAL MEDICAL CENTER LA,LOS ANGELES,90015,31080,"Los Angeles-Long Beach-Anaheim, CA",51445,"Los Angeles--Long Beach--Anaheim, CA",no
050150,NA,No Different than National Benchmark,NA,NA,No Different than National Benchmark,No Different than National Benchmark,medium,medium,medium,medium,SIERRA NEVADA MEMORIAL HOSPITAL,GRASS VALLEY,95945,46020,"Truckee-Grass Valley, CA",34597,"Grass Valley, CA",no
050152,No Different than National Benchmark,No Different than National Benchmark,NA,NA,No Different than National Benchmark,Better than the National Benchmark,medium,medium,medium,low,SAINT FRANCIS MEMORIAL HOSPITAL,SAN FRANCISCO,94109,41860,"San Francisco-Oakland-Fremont, CA",78904,"San Francisco--Oakland, CA",no
050158,NA,No Different than National Benchmark,NA,NA,NA,No Different than National Benchmark,poor,poor,poor,low,ENCINO HOSPITAL MEDICAL CENTER,ENCINO,91436,31080,"Los Angeles-Long Beach-Anaheim, CA",51445,"Los Angeles--Long Beach--Anaheim, CA",no
050159,No Different than National Benchmark,No Different than National Benchmark,No Different than National Benchmark,NA,No Different than National Benchmark,No Different than National Benchmark,medium,medium,medium,high,VENTURA COUNTY MEDICAL CENTER,VENTURA,93003,37100,"Oxnard-Thousand Oaks-Ventura, CA",66673,"Oxnard--San Buenaventura (Ventura), CA",no
05015F,NA,NA,NA,NA,NA,NA,medium,excellent,excellent,NA,60th Medical Group (Travis AFB),Fairfield,94533,46700,"Vallejo, CA",28657,"Fairfield, CA",no
050167,Worse than the National Benchmark,No Different than National Benchmark,No Different than National Benchmark,NA,Better than the National Benchmark,Better than the National Benchmark,medium,medium,medium,high,SAN JOAQUIN GENERAL HOSPITAL,FRENCH CAMP,95231,44700,"Stockton-Lodi, CA",85087,"Stockton, CA",no
050168,No Different than National Benchmark,No Different than National Benchmark,No Different than National Benchmark,NA,No Different than National Benchmark,Better than the National Benchmark,medium,medium,medium,very high,PROVIDENCE ST. JUDE MEDICAL CENTER,FULLERTON,92835,31080,"Los Angeles-Long Beach-Anaheim, CA",51445,"Los Angeles--Long Beach--Anaheim, CA",no
050169,Better than the National Benchmark,Better than the National Benchmark,No Different than National Benchmark,No Different than National Benchmark,No Different than National Benchmark,No Different than National Benchmark,medium,medium,medium,very high,PIH HEALTH HOSPITAL-WHITTIER,WHITTIER,90602,31080,"Los Angeles-Long Beach-Anaheim, CA",51445,"Los Angeles--Long Beach--Anaheim, CA",no
050174,No Different than National Benchmark,No Different than National Benchmark,No Different than National Benchmark,NA,No Different than National Benchmark,Better than the National Benchmark,medium,medium,medium,medium,PROVIDENCE SANTA ROSA MEMORIAL HOSPITAL,SANTA ROSA,95405,42220,"Santa Rosa-Petaluma, CA",79498,"Santa Rosa, CA",no
050179,Worse than the National Benchmark,No Different than National Benchmark,Worse than the National Benchmark,NA,Worse than the National Benchmark,Better than the National Benchmark,medium,poor,medium,high,EMANUEL MEDICAL CENTER,TURLOCK,95382,33700,"Modesto, CA",89083,"Turlock, CA",no
050180,No Different than National Benchmark,Better than the National Benchmark,No Different than National Benchmark,No Different than National Benchmark,No Different than National Benchmark,Better than the National Benchmark,medium,medium,medium,high,JOHN MUIR MEDICAL CENTER - WALNUT CREEK CAMPUS,WALNUT CREEK,94598,41860,"San Francisco-Oakland-Fremont, CA",19504,"Concord--Walnut Creek, CA",no
050191,No Different than National Benchmark,No Different than National Benchmark,No Different than National Benchmark,NA,No Different than National Benchmark,Better than the National Benchmark,medium,medium,medium,high,ST MARY MEDICAL CENTER,LONG BEACH,90813,31080,"Los Angeles-Long Beach-Anaheim, CA",51445,"Los Angeles--Long Beach--Anaheim, CA",no
050192,NA,NA,NA,NA,NA,No Different than National Benchmark,medium,medium,medium,medium,ADVENTIST HEALTH REEDLEY,REEDLEY,93654,23420,"Fresno, CA",74044,"Reedley--Dinuba, CA",no
050194,NA,NA,NA,NA,NA,No Different than National Benchmark,medium,medium,medium,medium,WATSONVILLE COMMUNITY HOSPITAL,WATSONVILLE,95076,42100,"Santa Cruz-Watsonville, CA",92890,"Watsonville, CA",no
050195,Better than the National Benchmark,No Different than National Benchmark,No Different than National Benchmark,NA,No Different than National Benchmark,Better than the National Benchmark,medium,medium,medium,high,WASHINGTON HOSPITAL,FREMONT,94538,41860,"San Francisco-Oakland-Fremont, CA",78904,"San Francisco--Oakland, CA",no
050197,No Different than National Benchmark,No Different than National Benchmark,NA,NA,NA,Better than the National Benchmark,medium,medium,medium,low,SEQUOIA HOSPITAL,REDWOOD CITY,94062,41860,"San Francisco-Oakland-Fremont, CA",78904,"San Francisco--Oakland, CA",no
050204,No Different than National Benchmark,No Different than National Benchmark,No Different than National Benchmark,NA,No Different than National Benchmark,Better than the National Benchmark,medium,poor,medium,high,PALMDALE REGIONAL MEDICAL CENTER,PALMDALE,93552,31080,"Los Angeles-Long Beach-Anaheim, CA",67140,"Palmdale--Lancaster, CA",no
05020F,NA,NA,NA,NA,NA,NA,medium,medium,medium,NA,NH Camp Pendleton,Camp Pendleton,92055,41740,"San Diego-Chula Vista-Carlsbad, CA",78661,"San Diego, CA",no
050211,No Different than National Benchmark,No Different than National Benchmark,NA,NA,NA,Better than the National Benchmark,medium,medium,medium,low,ALAMEDA HOSPITAL,ALAMEDA,94501,41860,"San Francisco-Oakland-Fremont, CA",78904,"San Francisco--Oakland, CA",no
050222,No Different than National Benchmark,No Different than National Benchmark,No Different than National Benchmark,NA,No Different than National Benchmark,Better than the National Benchmark,medium,medium,medium,very high,SHARP CHULA VISTA MEDICAL CENTER,CHULA VISTA,91911,41740,"San Diego-Chula Vista-Carlsbad, CA",78661,"San Diego, CA",no
050224,No Different than National Benchmark,Better than the National Benchmark,No Different than National Benchmark,No Different than National Benchmark,No Different than National Benchmark,Better than the National Benchmark,medium,medium,medium,very high,HOAG MEMORIAL HOSPITAL PRESBYTERIAN,NEWPORT BEACH,92663,31080,"Los Angeles-Long Beach-Anaheim, CA",51445,"Los Angeles--Long Beach--Anaheim, CA",no
050226,No Different than National Benchmark,No Different than National Benchmark,NA,NA,No Different than National Benchmark,Better than the National Benchmark,medium,medium,medium,medium,AHMC ANAHEIM REGIONAL MEDICAL CENTER,ANAHEIM,92801,31080,"Los Angeles-Long Beach-Anaheim, CA",51445,"Los Angeles--Long Beach--Anaheim, CA",no
050228,No Different than National Benchmark,No Different than National Benchmark,No Different than National Benchmark,NA,No Different than National Benchmark,No Different than National Benchmark,medium,medium,medium,high,ZUCKERBERG SAN FRANCISCO GENERAL HOSP & TRAUMA CTR,SAN FRANCISCO,94110,41860,"San Francisco-Oakland-Fremont, CA",78904,"San Francisco--Oakland, CA",no
05022F,No Different than National Benchmark,No Different than National Benchmark,NA,NA,NA,No Different than National Benchmark,medium,medium,excellent,low,NMC San Diego,San Diego,92134,41740,"San Diego-Chula Vista-Carlsbad, CA",78661,"San Diego, CA",no
050230,No Different than National Benchmark,No Different than National Benchmark,NA,NA,NA,No Different than National Benchmark,poor,poor,medium,medium,GARDEN GROVE HOSPITAL & MEDICAL CENTER,GARDEN GROVE,92843,31080,"Los Angeles-Long Beach-Anaheim, CA",51445,"Los Angeles--Long Beach--Anaheim, CA",no
050231,No Different than National Benchmark,No Different than National Benchmark,Better than the National Benchmark,NA,No Different than National Benchmark,Better than the National Benchmark,medium,medium,medium,very high,POMONA VALLEY HOSPITAL MEDICAL CENTER,POMONA,91767,31080,"Los Angeles-Long Beach-Anaheim, CA",51445,"Los Angeles--Long Beach--Anaheim, CA",no
050232,No Different than National Benchmark,No Different than National Benchmark,No Different than National Benchmark,NA,NA,Better than the National Benchmark,medium,medium,medium,medium,FRENCH HOSPITAL MEDICAL CENTER,SAN LUIS OBISPO,93401,42020,"San Luis Obispo-Paso Robles, CA",79147,"San Luis Obispo, CA",no
050234,NA,No Different than National Benchmark,NA,NA,NA,No Different than National Benchmark,medium,medium,medium,medium,SHARP CORONADO HOSPITAL AND HLTHCR CTR,CORONADO,92118,41740,"San Diego-Chula Vista-Carlsbad, CA",78661,"San Diego, CA",no
050235,No Different than National Benchmark,No Different than National Benchmark,Better than the National Benchmark,No Different than National Benchmark,No Different than National Benchmark,Better than the National Benchmark,medium,medium,medium,high,PROVIDENCE SAINT JOSEPH MEDICAL CTR,BURBANK,91505,31080,"Los Angeles-Long Beach-Anaheim, CA",51445,"Los Angeles--Long Beach--Anaheim, CA",no
050236,No Different than National Benchmark,No Different than National Benchmark,No Different than National Benchmark,NA,No Different than National Benchmark,No Different than National Benchmark,medium,medium,medium,medium,SIMI VALLEY HOSPITAL & HEALTH CARE SERVICES,SIMI VALLEY,93065,37100,"Oxnard-Thousand Oaks-Ventura, CA",82144,"Simi Valley, CA",no
050238,No Different than National Benchmark,No Different than National Benchmark,No Different than National Benchmark,No Different than National Benchmark,No Different than National Benchmark,No Different than National Benchmark,medium,medium,poor,high,USC ARCADIA HOSPITAL,ARCADIA,91006,31080,"Los Angeles-Long Beach-Anaheim, CA",51445,"Los Angeles--Long Beach--Anaheim, CA",no
050239,Better than the National Benchmark,Better than the National Benchmark,Better than the National Benchmark,NA,Better than the National Benchmark,Better than the National Benchmark,medium,medium,medium,high,GLENDALE ADVENTIST MEDICAL CENTER,GLENDALE,91206,31080,"Los Angeles-Long Beach-Anaheim, CA",51445,"Los Angeles--Long Beach--Anaheim, CA",no
050242,No Different than National Benchmark,No Different than National Benchmark,No Different than National Benchmark,NA,No Different than National Benchmark,Better than the National Benchmark,medium,medium,medium,high,DOMINICAN HOSPITAL,SANTA CRUZ,95065,42100,"Santa Cruz-Watsonville, CA",79336,"Santa Cruz, CA",no
050243,No Different than National Benchmark,No Different than National Benchmark,Better than the National Benchmark,NA,No Different than National Benchmark,Better than the National Benchmark,medium,medium,medium,very high,DESERT REGIONAL MEDICAL CENTER,PALM SPRINGS,92262,40140,"Riverside-San Bernardino-Ontario, CA",41347,"Indio--Palm Desert--Palm Springs, CA",yes
050245,No Different than National Benchmark,Better than the National Benchmark,No Different than National Benchmark,No Different than National Benchmark,Better than the National Benchmark,Better than the National Benchmark,medium,medium,poor,very high,ARROWHEAD REGIONAL MEDICAL CENTER,COLTON,92324,40140,"Riverside-San Bernardino-Ontario, CA",75340,"Riverside--San Bernardino, CA",yes
050248,No Different than National Benchmark,No Different than National Benchmark,No Different than National Benchmark,NA,No Different than National Benchmark,Better than the National Benchmark,medium,medium,medium,high,NATIVIDAD MEDICAL CENTER,SALINAS,93906,41500,"Salinas, CA",78310,"Salinas, CA",no
050254,No Different than National Benchmark,No Different than National Benchmark,No Different than National Benchmark,NA,NA,No Different than National Benchmark,medium,medium,medium,medium,MARSHALL MEDICAL CENTER,PLACERVILLE,95667,40900,"Sacramento-Roseville-Folsom, CA",69832,"Placerville--Diamond Springs, CA",no
050257,NA,NA,NA,NA,NA,No Different than National Benchmark,NA,NA,NA,NA,GOOD SAMARITAN HOSPITAL,BAKERSFIELD,93308,12540,"Bakersfield-Delano, CA",04681,"Bakersfield, CA",no
05025F,NA,No Different than National Benchmark,NA,NA,NA,NA,medium,medium,medium,NA,FRESNO VA MEDICAL CENTER (VA CENTRAL CALIFORNIA HEALTHCARE SYSTEM),FRESNO,93703,23420,"Fresno, CA",31843,"Fresno, CA",no
050261,No Different than National Benchmark,No Different than National Benchmark,NA,NA,NA,Better than the National Benchmark,medium,medium,medium,medium,SIERRA VIEW MEDICAL CENTER,PORTERVILLE,93257,47300,"Visalia, CA",71074,"Porterville, CA",no
050262,Better than the National Benchmark,No Different than National Benchmark,No Different than National Benchmark,NA,Better than the National Benchmark,Better than the National Benchmark,medium,medium,medium,high,RONALD REAGAN UCLA MEDICAL CENTER,LOS ANGELES,90095,31080,"Los Angeles-Long Beach-Anaheim, CA",51445,"Los Angeles--Long Beach--Anaheim, CA",no
050272,No Different than National Benchmark,No Different than National Benchmark,No Different than National Benchmark,NA,No Different than National Benchmark,No Different than National Benchmark,medium,medium,medium,high,REDLANDS COMMUNITY HOSPITAL,REDLANDS,92373,40140,"Riverside-San Bernardino-Ontario, CA",75340,"Riverside--San Bernardino, CA",yes
050276,No Different than National Benchmark,No Different than National Benchmark,No Different than National Benchmark,NA,No Different than National Benchmark,No Different than National Benchmark,medium,medium,medium,medium,CONTRA COSTA REGIONAL MEDICAL CENTER,MARTINEZ,94553,41860,"San Francisco-Oakland-Fremont, CA",19504,"Concord--Walnut Creek, CA",no
050278,No Different than National Benchmark,No Different than National Benchmark,Better than the National Benchmark,No Different than National Benchmark,No Different than National Benchmark,Better than the National Benchmark,medium,medium,medium,very high,PROVIDENCE HOLY CROSS MEDICAL CENTER,MISSION HILLS,91346,31080,"Los Angeles-Long Beach-Anaheim, CA",NA,NA,no
050279,NA,NA,NA,NA,NA,No Different than National Benchmark,medium,poor,medium,low,HI-DESERT MEDICAL CENTER,JOSHUA TREE,92252,40140,"Riverside-San Bernardino-Ontario, CA",43439,"Joshua Tree, CA",no
05027F,No Different than National Benchmark,No Different than National Benchmark,NA,NA,NA,NA,medium,medium,medium,NA,VA LONG BEACH HEALTHCARE SYSTEM,LONG BEACH,90822,31080,"Los Angeles-Long Beach-Anaheim, CA",51445,"Los Angeles--Long Beach--Anaheim, CA",no
050280,No Different than National Benchmark,No Different than National Benchmark,No Different than National Benchmark,NA,No Different than National Benchmark,Better than the National Benchmark,medium,medium,medium,high,MERCY MEDICAL CENTER REDDING,REDDING,96001,39820,"Redding, CA",73774,"Redding, CA",no
050281,NA,No Different than National Benchmark,NA,NA,NA,Better than the National Benchmark,medium,medium,medium,low,ALHAMBRA HOSPITAL MEDICAL CENTER,ALHAMBRA,91801,31080,"Los Angeles-Long Beach-Anaheim, CA",51445,"Los Angeles--Long Beach--Anaheim, CA",no
050283,No Different than National Benchmark,No Different than National Benchmark,No Different than National Benchmark,NA,No Different than National Benchmark,Better than the National Benchmark,medium,medium,medium,medium,STANFORD HEALTH CARE - VALLEYCARE,PLEASANTON,94588,41860,"San Francisco-Oakland-Fremont, CA",50533,"Livermore--Pleasanton--Dublin, CA",no
050289,No Different than National Benchmark,No Different than National Benchmark,NA,NA,No Different than National Benchmark,Better than the National Benchmark,medium,medium,medium,low,AHMC SETON MEDICAL CENTER,DALY CITY,94015,41860,"San Francisco-Oakland-Fremont, CA",78904,"San Francisco--Oakland, CA",no
050290,No Different than National Benchmark,No Different than National Benchmark,Better than the National Benchmark,NA,No Different than National Benchmark,No Different than National Benchmark,medium,medium,medium,medium,SAINT JOHN'S HEALTH CENTER,SANTA MONICA,90404,31080,"Los Angeles-Long Beach-Anaheim, CA",51445,"Los Angeles--Long Beach--Anaheim, CA",no
050291,No Different than National Benchmark,No Different than National Benchmark,No Different than National Benchmark,NA,No Different than National Benchmark,Better than the National Benchmark,medium,medium,medium,medium,SUTTER SANTA ROSA REGIONAL HOSPITAL,SANTA ROSA,95403,42220,"Santa Rosa-Petaluma, CA",79498,"Santa Rosa, CA",no
050292,Better than the National Benchmark,No Different than National Benchmark,Better than the National Benchmark,NA,No Different than National Benchmark,Better than the National Benchmark,medium,medium,poor,very high,RIVERSIDE UNIVERSITY HEALTH SYSTEM-MEDICAL CENTER,MORENO VALLEY,92555,40140,"Riverside-San Bernardino-Ontario, CA",75340,"Riverside--San Bernardino, CA",yes
050295,No Different than National Benchmark,No Different than National Benchmark,No Different than National Benchmark,No Different than National Benchmark,No Different than National Benchmark,Better than the National Benchmark,medium,medium,medium,very high,MERCY HOSPITAL,BAKERSFIELD,93301,12540,"Bakersfield-Delano, CA",04681,"Bakersfield, CA",no
050298,No Different than National Benchmark,No Different than National Benchmark,NA,NA,NA,No Different than National Benchmark,medium,medium,medium,medium,BARSTOW COMMUNITY HOSPITAL,BARSTOW,92311,40140,"Riverside-San Bernardino-Ontario, CA",05302,"Barstow, CA",no
050300,No Different than National Benchmark,No Different than National Benchmark,No Different than National Benchmark,NA,No Different than National Benchmark,Better than the National Benchmark,medium,poor,poor,very high,ST MARY MEDICAL CENTER,APPLE VALLEY,92307,40140,"Riverside-San Bernardino-Ontario, CA",90541,"Victorville--Hesperia--Apple Valley, CA",yes
050301,No Different than National Benchmark,No Different than National Benchmark,No Different than National Benchmark,NA,NA,No Different than National Benchmark,medium,medium,medium,medium,ADVENTIST HEALTH UKIAH VALLEY,UKIAH,95482,46380,"Ukiah, CA",89380,"Ukiah, CA",no
050305,No Different than National Benchmark,Better than the National Benchmark,No Different than National Benchmark,NA,Better than the National Benchmark,Better than the National Benchmark,medium,medium,poor,medium,ALTA BATES SUMMIT MEDICAL CENTER - ALTA BATES CAMP,BERKELEY,94705,41860,"San Francisco-Oakland-Fremont, CA",78904,"San Francisco--Oakland, CA",no
050308,No Different than National Benchmark,No Different than National Benchmark,No Different than National Benchmark,No Different than National Benchmark,No Different than National Benchmark,Better than the National Benchmark,medium,medium,medium,high,EL CAMINO HOSPITAL,MOUNTAIN VIEW,94040,41940,"San Jose-Sunnyvale-Santa Clara, CA",79039,"San Jose, CA",no
050309,Better than the National Benchmark,Worse than the National Benchmark,No Different than National Benchmark,No Different than National Benchmark,No Different than National Benchmark,Better than the National Benchmark,medium,medium,medium,very high,SUTTER ROSEVILLE MEDICAL CENTER,ROSEVILLE,95661,40900,"Sacramento-Roseville-Folsom, CA",77068,"Sacramento, CA",no
05030F,No Different than National Benchmark,No Different than National Benchmark,NA,NA,NA,NA,medium,medium,medium,NA,VA N CALIFORNIA HEALTHCARE SYSTEM,MATHER,95655,40900,"Sacramento-Roseville-Folsom, CA",77068,"Sacramento, CA",no
050313,No Different than National Benchmark,NA,NA,NA,NA,Better than the National Benchmark,medium,medium,medium,medium,SUTTER TRACY COMMUNITY HOSPITAL,TRACY,95376,44700,"Stockton-Lodi, CA",88280,"Tracy--Mountain House, CA",no
050315,No Different than National Benchmark,Better than the National Benchmark,No Different than National Benchmark,No Different than National Benchmark,No Different than National Benchmark,Better than the National Benchmark,medium,poor,medium,high,KERN MEDICAL CENTER,BAKERSFIELD,93306,12540,"Bakersfield-Delano, CA",04681,"Bakersfield, CA",no
05031F,No Different than National Benchmark,No Different than National Benchmark,NA,NA,NA,NA,medium,excellent,medium,NA,PALO ALTO VA MEDICAL CENTER,PALO ALTO,94304,41940,"San Jose-Sunnyvale-Santa Clara, CA",79039,"San Jose, CA",no
050320,No Different than National Benchmark,No Different than National Benchmark,Worse than the National Benchmark,NA,No Different than National Benchmark,Better than the National Benchmark,medium,medium,medium,very high,HIGHLAND HOSPITAL,OAKLAND,94602,41860,"San Francisco-Oakland-Fremont, CA",78904,"San Francisco--Oakland, CA",no
050324,No Different than National Benchmark,No Different than National Benchmark,No Different than National Benchmark,No Different than National Benchmark,Better than the National Benchmark,Better than the National Benchmark,medium,medium,medium,high,SCRIPPS MEMORIAL HOSPITAL LA JOLLA,LA JOLLA,92037,41740,"San Diego-Chula Vista-Carlsbad, CA",78661,"San Diego, CA",no
050327,Better than the National Benchmark,Better than the National Benchmark,No Different than National Benchmark,No Different than National Benchmark,No Different than National Benchmark,Better than the National Benchmark,medium,medium,medium,very high,LOMA LINDA UNIVERSITY MEDICAL CENTER,LOMA LINDA,92354,40140,"Riverside-San Bernardino-Ontario, CA",75340,"Riverside--San Bernardino, CA",yes
050329,NA,No Different than National Benchmark,No Different than National Benchmark,NA,No Different than National Benchmark,Better than the National Benchmark,medium,medium,medium,high,CORONA REGIONAL MEDICAL CENTER,CORONA,92882,40140,"Riverside-San Bernardino-Ontario, CA",75340,"Riverside--San Bernardino, CA",yes
050334,Better than the National Benchmark,No Different than National Benchmark,No Different than National Benchmark,NA,No Different than National Benchmark,No Different than National Benchmark,medium,medium,medium,high,SALINAS VALLEY MEMORIAL HOSPITAL,SALINAS,93901,41500,"Salinas, CA",78310,"Salinas, CA",no
050335,NA,No Different than National Benchmark,No Different than National Benchmark,NA,NA,No Different than National Benchmark,medium,medium,medium,medium,ADVENTIST HEALTH SONORA,SONORA,95370,43760,"Sonora, CA",83073,"Sonora--Twain Harte, CA",no
050336,No Different than National Benchmark,No Different than National Benchmark,NA,NA,No Different than National Benchmark,Better than the National Benchmark,medium,medium,medium,high,ADVENTIST HEALTH LODI MEMORIAL,LODI,95240,44700,"Stockton-Lodi, CA",50851,"Lodi, CA",no
050342,Worse than the National Benchmark,No Different than National Benchmark,NA,NA,NA,No Different than National Benchmark,medium,medium,medium,medium,PIONEERS MEMORIAL HEALTHCARE DISTRICT,BRAWLEY,92227,20940,"El Centro, CA",09730,"Brawley, CA",no
050348,Better than the National Benchmark,Better than the National Benchmark,No Different than National Benchmark,No Different than National Benchmark,No Different than National Benchmark,Better than the National Benchmark,medium,medium,medium,high,UNIVERSITY OF CALIFORNIA IRVINE MEDICAL CENTER,ORANGE,92868,31080,"Los Angeles-Long Beach-Anaheim, CA",51445,"Los Angeles--Long Beach--Anaheim, CA",no
050350,No Different than National Benchmark,Better than the National Benchmark,NA,NA,No Different than National Benchmark,Better than the National Benchmark,medium,medium,medium,medium,BEVERLY HOSPITAL,MONTEBELLO,90640,31080,"Los Angeles-Long Beach-Anaheim, CA",51445,"Los Angeles--Long Beach--Anaheim, CA",no
050351,No Different than National Benchmark,No Different than National Benchmark,No Different than National Benchmark,No Different than National Benchmark,No Different than National Benchmark,Better than the National Benchmark,medium,medium,medium,very high,TORRANCE MEMORIAL MEDICAL CENTER,TORRANCE,90509,31080,"Los Angeles-Long Beach-Anaheim, CA",NA,NA,no
050352,NA,NA,NA,NA,NA,No Different than National Benchmark,medium,excellent,medium,low,BARTON MEMORIAL HOSPITAL,SOUTH LAKE TAHOE,96150,40900,"Sacramento-Roseville-Folsom, CA",83305,"South Lake Tahoe, CA--NV",no
050353,No Different than National Benchmark,No Different than National Benchmark,No Different than National Benchmark,No Different than National Benchmark,No Different than National Benchmark,Better than the National Benchmark,medium,medium,medium,high,PROVIDENCE LITTLE COMPANY OF MARY MED CTR TORRANCE,TORRANCE,90503,31080,"Los Angeles-Long Beach-Anaheim, CA",51445,"Los Angeles--Long Beach--Anaheim, CA",no
050357,NA,NA,NA,NA,NA,No Different than National Benchmark,medium,medium,excellent,low,GOLETA VALLEY COTTAGE HOSPITAL,SANTA BARBARA,93111,42200,"Santa Maria-Santa Barbara, CA",79282,"Santa Barbara, CA",no
050360,Better than the National Benchmark,No Different than National Benchmark,No Different than National Benchmark,NA,No Different than National Benchmark,Better than the National Benchmark,medium,medium,medium,medium,MARIN GENERAL HOSPITAL,GREENBRAE,94904,41860,"San Francisco-Oakland-Fremont, CA",78904,"San Francisco--Oakland, CA",no
050367,No Different than National Benchmark,Worse than the National Benchmark,Better than the National Benchmark,NA,No Different than National Benchmark,Better than the National Benchmark,medium,medium,medium,very high,NORTHBAY MEDICAL CENTER,FAIRFIELD,94533,46700,"Vallejo, CA",28657,"Fairfield, CA",no
050373,Better than the National Benchmark,No Different than National Benchmark,Better than the National Benchmark,NA,Worse than the National Benchmark,Better than the National Benchmark,medium,medium,medium,very high,LAC+USC MEDICAL CENTER,LOS ANGELES,90033,31080,"Los Angeles-Long Beach-Anaheim, CA",51445,"Los Angeles--Long Beach--Anaheim, CA",no
050376,No Different than National Benchmark,No Different than National Benchmark,No Different than National Benchmark,NA,No Different than National Benchmark,No Different than National Benchmark,medium,medium,medium,very high,LAC/HARBOR-UCLA MED CENTER,TORRANCE,90502,31080,"Los Angeles-Long Beach-Anaheim, CA",51445,"Los Angeles--Long Beach--Anaheim, CA",no
050378,No Different than National Benchmark,No Different than National Benchmark,NA,NA,NA,No Different than National Benchmark,poor,poor,poor,low,PACIFICA HOSPITAL OF THE VALLEY,SUN VALLEY,91352,31080,"Los Angeles-Long Beach-Anaheim, CA",51445,"Los Angeles--Long Beach--Anaheim, CA",no
050380,No Different than National Benchmark,No Different than National Benchmark,No Different than National Benchmark,NA,No Different than National Benchmark,Better than the National Benchmark,medium,medium,medium,high,GOOD SAMARITAN HOSPITAL,SAN JOSE,95124,41940,"San Jose-Sunnyvale-Santa Clara, CA",79039,"San Jose, CA",no
050382,Better than the National Benchmark,No Different than National Benchmark,No Different than National Benchmark,NA,No Different than National Benchmark,Better than the National Benchmark,medium,medium,medium,very high,EMANATE HEALTH INTER-COMMUNITY HOSPITAL,COVINA,91723,31080,"Los Angeles-Long Beach-Anaheim, CA",51445,"Los Angeles--Long Beach--Anaheim, CA",no
050390,No Different than National Benchmark,Better than the National Benchmark,No Different than National Benchmark,NA,No Different than National Benchmark,Better than the National Benchmark,poor,poor,poor,high,HEMET GLOBAL MEDICAL CENTER,HEMET,92543,40140,"Riverside-San Bernardino-Ontario, CA",38215,"Hemet, CA",no
050393,No Different than National Benchmark,No Different than National Benchmark,No Different than National Benchmark,NA,No Different than National Benchmark,Better than the National Benchmark,medium,medium,medium,high,PIH HEALTH DOWNEY HOSPITAL,DOWNEY,90241,31080,"Los Angeles-Long Beach-Anaheim, CA",51445,"Los Angeles--Long Beach--Anaheim, CA",no
050394,No Different than National Benchmark,No Different than National Benchmark,No Different than National Benchmark,NA,No Different than National Benchmark,No Different than National Benchmark,medium,medium,medium,high,COMMUNITY MEMORIAL HOSPITAL SAN BUENAVENTURA,VENTURA,93003,37100,"Oxnard-Thousand Oaks-Ventura, CA",66673,"Oxnard--San Buenaventura (Ventura), CA",no
050396,Worse than the National Benchmark,No Different than National Benchmark,No Different than National Benchmark,No Different than National Benchmark,Better than the National Benchmark,Better than the National Benchmark,medium,medium,medium,high,SANTA BARBARA COTTAGE HOSPITAL,SANTA BARBARA,93102,42200,"Santa Maria-Santa Barbara, CA",NA,NA,no
05039F,NA,NA,NA,NA,NA,NA,NA,NA,NA,NA,NH Twenty Nine Palms,Twentynine Palms,92278,40140,"Riverside-San Bernardino-Ontario, CA",89218,"Twentynine Palms North, CA",no
050407,NA,NA,NA,NA,NA,No Different than National Benchmark,medium,medium,medium,low,CHINESE HOSPITAL,SAN FRANCISCO,94133,41860,"San Francisco-Oakland-Fremont, CA",78904,"San Francisco--Oakland, CA",no
050411,No Different than National Benchmark,No Different than National Benchmark,No Different than National Benchmark,NA,No Different than National Benchmark,Better than the National Benchmark,medium,medium,medium,NA,KAISER FOUNDATION HOSPITAL - SOUTH BAY,HARBOR CITY,90710,31080,"Los Angeles-Long Beach-Anaheim, CA",51445,"Los Angeles--Long Beach--Anaheim, CA",no
050414,No Different than National Benchmark,No Different than National Benchmark,No Different than National Benchmark,NA,No Different than National Benchmark,Better than the National Benchmark,medium,medium,medium,high,MERCY HOSPITAL OF FOLSOM,FOLSOM,95630,40900,"Sacramento-Roseville-Folsom, CA",77068,"Sacramento, CA",no
050417,NA,NA,NA,NA,NA,No Different than National Benchmark,medium,medium,medium,low,SUTTER COAST HOSPITAL,CRESCENT CITY,95531,18860,"Crescent City, CA",20908,"Crescent City, CA",no
05041F,NA,NA,NA,NA,NA,NA,NA,NA,NA,NA,Weed ACH (FT Irwin),Fort Irwin,92310,40140,"Riverside-San Bernardino-Ontario, CA",30736,"Fort Irwin, CA",no
050423,NA,NA,NA,NA,NA,NA,NA,NA,NA,low,PALO VERDE HOSPITAL,BLYTHE,92225,40140,"Riverside-San Bernardino-Ontario, CA",08623,"Blythe, CA--AZ",no
050424,No Different than National Benchmark,No Different than National Benchmark,No Different than National Benchmark,NA,No Different than National Benchmark,Better than the National Benchmark,medium,excellent,medium,NA,SCRIPPS GREEN HOSPITAL,LA JOLLA,92037,41740,"San Diego-Chula Vista-Carlsbad, CA",78661,"San Diego, CA",no
050425,No Different than National Benchmark,No Different than National Benchmark,Worse than the National Benchmark,Worse than the National Benchmark,No Different than National Benchmark,Better than the National Benchmark,medium,medium,medium,NA,KAISER FOUNDATION HOSPITAL - SACRAMENTO,SACRAMENTO,95825,40900,"Sacramento-Roseville-Folsom, CA",77068,"Sacramento, CA",no
050426,No Different than National Benchmark,No Different than National Benchmark,NA,NA,No Different than National Benchmark,Better than the National Benchmark,medium,medium,medium,medium,WEST ANAHEIM MEDICAL CENTER,ANAHEIM,92804,31080,"Los Angeles-Long Beach-Anaheim, CA",51445,"Los Angeles--Long Beach--Anaheim, CA",no
050438,No Different than National Benchmark,No Different than National Benchmark,No Different than National Benchmark,No Different than National Benchmark,No Different than National Benchmark,Better than the National Benchmark,medium,medium,medium,very high,HUNTINGTON HOSPITAL,PASADENA,91109,31080,"Los Angeles-Long Beach-Anaheim, CA",NA,NA,no
050441,No Different than National Benchmark,No Different than National Benchmark,No Different than National Benchmark,No Different than National Benchmark,No Different than National Benchmark,Better than the National Benchmark,medium,medium,medium,very high,STANFORD HEALTH CARE,STANFORD,94305,41940,"San Jose-Sunnyvale-Santa Clara, CA",79039,"San Jose, CA",no
050444,No Different than National Benchmark,Better than the National Benchmark,No Different than National Benchmark,NA,No Different than National Benchmark,Better than the National Benchmark,medium,poor,medium,very high,MERCY MEDICAL CENTER,MERCED,95340,32900,"Merced, CA",56251,"Merced, CA",no
050454,No Different than National Benchmark,No Different than National Benchmark,No Different than National Benchmark,No Different than National Benchmark,No Different than National Benchmark,Better than the National Benchmark,medium,medium,medium,high,UCSF MEDICAL CENTER,SAN FRANCISCO,94143,41860,"San Francisco-Oakland-Fremont, CA",NA,NA,no
050455,No Different than National Benchmark,Better than the National Benchmark,No Different than National Benchmark,NA,No Different than National Benchmark,Better than the National Benchmark,medium,medium,medium,very high,ADVENTIST HEALTH BAKERSFIELD,BAKERSFIELD,93301,12540,"Bakersfield-Delano, CA",04681,"Bakersfield, CA",no
050457,No Different than National Benchmark,No Different than National Benchmark,NA,NA,No Different than National Benchmark,No Different than National Benchmark,medium,medium,medium,low,ST MARY'S MEDICAL CENTER,SAN FRANCISCO,94117,41860,"San Francisco-Oakland-Fremont, CA",78904,"San Francisco--Oakland, CA",no
050464,Better than the National Benchmark,Better than the National Benchmark,No Different than National Benchmark,NA,No Different than National Benchmark,Better than the National Benchmark,medium,medium,medium,very high,DOCTORS MEDICAL CENTER,MODESTO,95350,33700,"Modesto, CA",58006,"Modesto, CA",no
050468,No Different than National Benchmark,No Different than National Benchmark,NA,NA,Worse than the National Benchmark,Better than the National Benchmark,poor,poor,poor,medium,MEMORIAL HOSPITAL OF GARDENA,GARDENA,90247,31080,"Los Angeles-Long Beach-Anaheim, CA",51445,"Los Angeles--Long Beach--Anaheim, CA",no
050471,Better than the National Benchmark,No Different than National Benchmark,No Different than National Benchmark,NA,No Different than National Benchmark,Better than the National Benchmark,medium,medium,medium,high,PIH HEALTH GOOD SAMARITAN HOSPITAL,LOS ANGELES,90017,31080,"Los Angeles-Long Beach-Anaheim, CA",51445,"Los Angeles--Long Beach--Anaheim, CA",no
050481,No Different than National Benchmark,No Different than National Benchmark,No Different than National Benchmark,NA,No Different than National Benchmark,Better than the National Benchmark,medium,medium,medium,high,WEST HILLS HOSPITAL & MEDICAL CENTER,WEST HILLS,91307,31080,"Los Angeles-Long Beach-Anaheim, CA",51445,"Los Angeles--Long Beach--Anaheim, CA",no
050485,No Different than National Benchmark,No Different than National Benchmark,No Different than National Benchmark,No Different than National Benchmark,Worse than the National Benchmark,Better than the National Benchmark,medium,medium,medium,very high,MEMORIALCARE LONG BEACH MEDICAL CENTER,LONG BEACH,90806,31080,"Los Angeles-Long Beach-Anaheim, CA",51445,"Los Angeles--Long Beach--Anaheim, CA",no
050488,No Different than National Benchmark,No Different than National Benchmark,No Different than National Benchmark,NA,No Different than National Benchmark,Better than the National Benchmark,medium,medium,medium,medium,EDEN MEDICAL CENTER,CASTRO VALLEY,94546,41860,"San Francisco-Oakland-Fremont, CA",78904,"San Francisco--Oakland, CA",no
050492,No Different than National Benchmark,No Different than National Benchmark,No Different than National Benchmark,NA,Better than the National Benchmark,Better than the National Benchmark,medium,poor,poor,high,CLOVIS COMMUNITY MEDICAL CENTER,CLOVIS,93611,23420,"Fresno, CA",31843,"Fresno, CA",no
050496,No Different than National Benchmark,No Different than National Benchmark,No Different than National Benchmark,NA,No Different than National Benchmark,No Different than National Benchmark,medium,medium,medium,high,JOHN MUIR MEDICAL CENTER - CONCORD CAMPUS,CONCORD,94520,41860,"San Francisco-Oakland-Fremont, CA",19504,"Concord--Walnut Creek, CA",no
050498,No Different than National Benchmark,NA,No Different than National Benchmark,NA,NA,No Different than National Benchmark,medium,medium,medium,low,SUTTER AUBURN FAITH HOSPITAL,AUBURN,95603,40900,"Sacramento-Roseville-Folsom, CA",04130,"Auburn, CA",no
050503,No Different than National Benchmark,No Different than National Benchmark,No Different than National Benchmark,NA,No Different than National Benchmark,Better than the National Benchmark,medium,medium,medium,high,SCRIPPS MEMORIAL HOSPITAL - ENCINITAS,ENCINITAS,92024,41740,"San Diego-Chula Vista-Carlsbad, CA",78661,"San Diego, CA",no
050506,No Different than National Benchmark,No Different than National Benchmark,No Different than National Benchmark,NA,No Different than National Benchmark,Better than the National Benchmark,medium,medium,medium,medium,TENET HEALTH CENTRAL COAST SIERRA VISTA RMC,SAN LUIS OBISPO,93405,42020,"San Luis Obispo-Paso Robles, CA",79147,"San Luis Obispo, CA",no
050510,No Different than National Benchmark,No Different than National Benchmark,No Different than National Benchmark,NA,NA,No Different than National Benchmark,medium,medium,medium,NA,KAISER FOUNDATION HOSPITAL,SAN RAFAEL,94903,41860,"San Francisco-Oakland-Fremont, CA",78904,"San Francisco--Oakland, CA",no
050512,No Different than National Benchmark,No Different than National Benchmark,No Different than National Benchmark,NA,No Different than National Benchmark,Better than the National Benchmark,medium,medium,medium,NA,KAISER FOUNDATION HOSPITAL - FREMONT,FREMONT,94538,41860,"San Francisco-Oakland-Fremont, CA",78904,"San Francisco--Oakland, CA",no
050515,No Different than National Benchmark,No Different than National Benchmark,No Different than National Benchmark,NA,No Different than National Benchmark,No Different than National Benchmark,medium,medium,medium,NA,KAISER FOUNDATION HOSPITAL - SAN DIEGO,SAN DIEGO,92120,41740,"San Diego-Chula Vista-Carlsbad, CA",78661,"San Diego, CA",no
050516,Better than the National Benchmark,No Different than National Benchmark,No Different than National Benchmark,No Different than National Benchmark,No Different than National Benchmark,Better than the National Benchmark,medium,medium,medium,very high,MERCY SAN JUAN MEDICAL CENTER,CARMICHAEL,95608,40900,"Sacramento-Roseville-Folsom, CA",77068,"Sacramento, CA",no
050517,No Different than National Benchmark,No Different than National Benchmark,NA,NA,NA,No Different than National Benchmark,medium,poor,medium,medium,VICTOR VALLEY GLOBAL MEDICAL CENTER,VICTORVILLE,92392,40140,"Riverside-San Bernardino-Ontario, CA",90541,"Victorville--Hesperia--Apple Valley, CA",yes
050523,No Different than National Benchmark,No Different than National Benchmark,NA,NA,NA,Better than the National Benchmark,medium,medium,medium,high,SUTTER DELTA MEDICAL CENTER,ANTIOCH,94509,41860,"San Francisco-Oakland-Fremont, CA",02683,"Antioch, CA",no
050526,NA,No Different than National Benchmark,NA,NA,NA,No Different than National Benchmark,medium,poor,medium,low,HUNTINGTON BEACH HOSPITAL,HUNTINGTON BEACH,92647,31080,"Los Angeles-Long Beach-Anaheim, CA",51445,"Los Angeles--Long Beach--Anaheim, CA",no
050528,NA,NA,NA,NA,NA,No Different than National Benchmark,medium,medium,medium,low,MEMORIAL HOSPITAL LOS BANOS,LOS BANOS,93635,32900,"Merced, CA",51472,"Los Banos, CA",no
050534,No Different than National Benchmark,No Different than National Benchmark,NA,NA,NA,Better than the National Benchmark,medium,medium,medium,high,JOHN F KENNEDY MEMORIAL HOSPITAL,INDIO,92201,40140,"Riverside-San Bernardino-Ontario, CA",41347,"Indio--Palm Desert--Palm Springs, CA",yes
050537,NA,NA,NA,NA,NA,Better than the National Benchmark,medium,medium,medium,medium,SUTTER DAVIS HOSPITAL,DAVIS,95616,40900,"Sacramento-Roseville-Folsom, CA",22420,"Davis, CA",no
050541,No Different than National Benchmark,Better than the National Benchmark,Worse than the National Benchmark,NA,No Different than National Benchmark,Better than the National Benchmark,medium,medium,medium,NA,KAISER FOUNDATION HOSPITAL - REDWOOD CITY,REDWOOD CITY,94063,41860,"San Francisco-Oakland-Fremont, CA",78904,"San Francisco--Oakland, CA",no
050543,NA,NA,NA,NA,NA,Better than the National Benchmark,NA,NA,NA,low,COLLEGE HOSPITAL COSTA MESA,COSTA MESA,92627,31080,"Los Angeles-Long Beach-Anaheim, CA",51445,"Los Angeles--Long Beach--Anaheim, CA",no
050546,NA,NA,NA,NA,NA,NA,NA,NA,NA,NA,PORTERVILLE DEVELOPMENTAL CENTER,PORTERVILLE,93257,47300,"Visalia, CA",71074,"Porterville, CA",no
050549,No Different than National Benchmark,No Different than National Benchmark,No Different than National Benchmark,No Different than National Benchmark,No Different than National Benchmark,Better than the National Benchmark,medium,medium,medium,high,LOS ROBLES HOSPITAL & MEDICAL CENTER,THOUSAND OAKS,91360,37100,"Oxnard-Thousand Oaks-Ventura, CA",87490,"Thousand Oaks, CA",no
050551,No Different than National Benchmark,Worse than the National Benchmark,No Different than National Benchmark,NA,Worse than the National Benchmark,No Different than National Benchmark,medium,poor,medium,medium,LOS ALAMITOS MEDICAL CENTER,LOS ALAMITOS,90720,31080,"Los Angeles-Long Beach-Anaheim, CA",51445,"Los Angeles--Long Beach--Anaheim, CA",no
050557,No Different than National Benchmark,No Different than National Benchmark,Worse than the National Benchmark,NA,No Different than National Benchmark,Better than the National Benchmark,medium,medium,medium,very high,MEMORIAL MEDICAL CENTER,MODESTO,95355,33700,"Modesto, CA",58006,"Modesto, CA",no
050561,Worse than the National Benchmark,No Different than National Benchmark,No Different than National Benchmark,NA,Worse than the National Benchmark,No Different than National Benchmark,medium,medium,medium,NA,KAISER FOUNDATION HOSPITAL - WEST LA,LOS ANGELES,90034,31080,"Los Angeles-Long Beach-Anaheim, CA",51445,"Los Angeles--Long Beach--Anaheim, CA",no
050567,Better than the National Benchmark,Better than the National Benchmark,No Different than National Benchmark,NA,No Different than National Benchmark,Better than the National Benchmark,medium,medium,medium,very high,PROVIDENCE MISSION HOSPITAL,MISSION VIEJO,92691,31080,"Los Angeles-Long Beach-Anaheim, CA",57709,"Mission Viejo--Lake Forest--Laguna Niguel, CA",no
050568,No Different than National Benchmark,No Different than National Benchmark,NA,NA,NA,No Different than National Benchmark,medium,medium,medium,medium,MADERA COMMUNITY HOSPITAL,MADERA,93637,31460,NA,52984,"Madera, CA",no
050570,No Different than National Benchmark,No Different than National Benchmark,No Different than National Benchmark,NA,No Different than National Benchmark,Better than the National Benchmark,medium,poor,medium,high,FOUNTAIN VALLEY REGIONAL HOSPITAL & MEDICAL CENTER,FOUNTAIN VALLEY,92708,31080,"Los Angeles-Long Beach-Anaheim, CA",51445,"Los Angeles--Long Beach--Anaheim, CA",no
050573,No Different than National Benchmark,No Different than National Benchmark,Worse than the National Benchmark,No Different than National Benchmark,No Different than National Benchmark,Better than the National Benchmark,medium,medium,medium,very high,EISENHOWER MEDICAL CENTER,RANCHO MIRAGE,92270,40140,"Riverside-San Bernardino-Ontario, CA",41347,"Indio--Palm Desert--Palm Springs, CA",yes
050580,NA,No Different than National Benchmark,NA,NA,NA,Better than the National Benchmark,medium,poor,medium,low,LA PALMA INTERCOMMUNITY HOSPITAL,LA PALMA,90623,31080,"Los Angeles-Long Beach-Anaheim, CA",51445,"Los Angeles--Long Beach--Anaheim, CA",no
050581,No Different than National Benchmark,No Different than National Benchmark,No Different than National Benchmark,NA,No Different than National Benchmark,Better than the National Benchmark,medium,medium,poor,medium,LAKEWOOD REGIONAL MEDICAL CENTER,LAKEWOOD,90712,31080,"Los Angeles-Long Beach-Anaheim, CA",51445,"Los Angeles--Long Beach--Anaheim, CA",no
050586,NA,NA,NA,NA,NA,No Different than National Benchmark,medium,poor,medium,medium,CHINO VALLEY MEDICAL CENTER,CHINO,91710,40140,"Riverside-San Bernardino-Ontario, CA",75340,"Riverside--San Bernardino, CA",yes
050588,No Different than National Benchmark,No Different than National Benchmark,NA,NA,Worse than the National Benchmark,No Different than National Benchmark,poor,poor,poor,low,SAN DIMAS COMMUNITY HOSPITAL,SAN DIMAS,91773,31080,"Los Angeles-Long Beach-Anaheim, CA",51445,"Los Angeles--Long Beach--Anaheim, CA",no
050589,NA,NA,No Different than National Benchmark,NA,NA,No Different than National Benchmark,medium,medium,medium,medium,PLACENTIA LINDA HOSPITAL,PLACENTIA,92870,31080,"Los Angeles-Long Beach-Anaheim, CA",51445,"Los Angeles--Long Beach--Anaheim, CA",no
050590,No Different than National Benchmark,No Different than National Benchmark,NA,NA,No Different than National Benchmark,Better than the National Benchmark,medium,medium,medium,high,METHODIST HOSPITAL OF SACRAMENTO,SACRAMENTO,95823,40900,"Sacramento-Roseville-Folsom, CA",77068,"Sacramento, CA",no
050597,Better than the National Benchmark,No Different than National Benchmark,No Different than National Benchmark,NA,No Different than National Benchmark,No Different than National Benchmark,medium,medium,medium,medium,EMANATE HEALTH FOOTHILL PRESBYTERIAN HOSPITAL,GLENDORA,91740,31080,"Los Angeles-Long Beach-Anaheim, CA",51445,"Los Angeles--Long Beach--Anaheim, CA",no
050599,No Different than National Benchmark,No Different than National Benchmark,No Different than National Benchmark,No Different than National Benchmark,Worse than the National Benchmark,Better than the National Benchmark,medium,medium,medium,very high,UNIVERSITY OF CALIFORNIA DAVIS MEDICAL CENTER,SACRAMENTO,95817,40900,"Sacramento-Roseville-Folsom, CA",77068,"Sacramento, CA",no
050603,No Different than National Benchmark,No Different than National Benchmark,No Different than National Benchmark,NA,No Different than National Benchmark,Better than the National Benchmark,medium,medium,medium,medium,MEMORIALCARE SADDLEBACK MEDICAL CENTER,LAGUNA HILLS,92653,31080,"Los Angeles-Long Beach-Anaheim, CA",57709,"Mission Viejo--Lake Forest--Laguna Niguel, CA",no
050604,No Different than National Benchmark,No Different than National Benchmark,No Different than National Benchmark,NA,Worse than the National Benchmark,No Different than National Benchmark,medium,medium,medium,NA,KAISER FOUNDATION HOSPITAL-SAN JOSE,SAN JOSE,95119,41940,"San Jose-Sunnyvale-Santa Clara, CA",79039,"San Jose, CA",no
050608,No Different than National Benchmark,No Different than National Benchmark,NA,NA,NA,No Different than National Benchmark,medium,medium,medium,medium,ADVENTIST HEALTH DELANO,DELANO,93215,12540,"Bakersfield-Delano, CA",22987,"Delano, CA",no
050609,No Different than National Benchmark,No Different than National Benchmark,Worse than the National Benchmark,No Different than National Benchmark,No Different than National Benchmark,Better than the National Benchmark,medium,medium,medium,NA,KAISER FOUNDATION HOSPITAL - ORANGE COUNTY - ANAHEIM,ANAHEIM,92806,31080,"Los Angeles-Long Beach-Anaheim, CA",51445,"Los Angeles--Long Beach--Anaheim, CA",no
050624,No Different than National Benchmark,No Different than National Benchmark,No Different than National Benchmark,NA,No Different than National Benchmark,Better than the National Benchmark,medium,medium,medium,high,HENRY MAYO NEWHALL  HOSPITAL,VALENCIA,91355,31080,"Los Angeles-Long Beach-Anaheim, CA",79309,"Santa Clarita, CA",no
050625,No Different than National Benchmark,Better than the National Benchmark,Worse than the National Benchmark,No Different than National Benchmark,No Different than National Benchmark,No Different than National Benchmark,medium,medium,medium,very high,CEDARS-SINAI MEDICAL CENTER,LOS ANGELES,90048,31080,"Los Angeles-Long Beach-Anaheim, CA",51445,"Los Angeles--Long Beach--Anaheim, CA",no
050633,NA,No Different than National Benchmark,NA,NA,NA,Better than the National Benchmark,medium,medium,medium,medium,TENET HEALTH CENTRAL TWIN CITIES COMMUNITY HOSP,TEMPLETON,93465,42020,"San Luis Obispo-Paso Robles, CA",27261,"El Paso de Robles (Paso Robles)--Atascadero, CA",no
050636,No Different than National Benchmark,No Different than National Benchmark,No Different than National Benchmark,NA,NA,Better than the National Benchmark,medium,medium,medium,medium,PALOMAR MEDICAL CENTER POWAY,POWAY,92064,41740,"San Diego-Chula Vista-Carlsbad, CA",78661,"San Diego, CA",no
050641,NA,NA,NA,NA,NA,No Different than National Benchmark,poor,poor,poor,low,EAST LOS ANGELES DOCTORS HOSPITAL,LOS ANGELES,90023,31080,"Los Angeles-Long Beach-Anaheim, CA",51445,"Los Angeles--Long Beach--Anaheim, CA",no
050663,No Different than National Benchmark,No Different than National Benchmark,NA,NA,Worse than the National Benchmark,Better than the National Benchmark,poor,poor,poor,low,LOS ANGELES COMMUNITY HOSPITAL,LOS ANGELES,90023,31080,"Los Angeles-Long Beach-Anaheim, CA",51445,"Los Angeles--Long Beach--Anaheim, CA",no
050668,NA,NA,NA,NA,NA,NA,NA,NA,NA,NA,LAGUNA HONDA HOSPITAL & REHABILITATION CENTER,SAN FRANCISCO,94116,41860,"San Francisco-Oakland-Fremont, CA",78904,"San Francisco--Oakland, CA",no
050674,No Different than National Benchmark,No Different than National Benchmark,No Different than National Benchmark,NA,No Different than National Benchmark,Better than the National Benchmark,medium,medium,medium,NA,KAISER FOUNDATION HOSP SO SACRAMENTO,SACRAMENTO,95823,40900,"Sacramento-Roseville-Folsom, CA",77068,"Sacramento, CA",no
050677,Worse than the National Benchmark,No Different than National Benchmark,No Different than National Benchmark,NA,No Different than National Benchmark,No Different than National Benchmark,medium,medium,medium,NA,KAISER FOUNDATION HOSPITAL - WOODLAND HILLS,WOODLAND HILLS,91367,31080,"Los Angeles-Long Beach-Anaheim, CA",51445,"Los Angeles--Long Beach--Anaheim, CA",no
050678,Worse than the National Benchmark,Better than the National Benchmark,No Different than National Benchmark,No Different than National Benchmark,No Different than National Benchmark,Better than the National Benchmark,medium,medium,medium,medium,MEMORIALCARE ORANGE COAST MEDICAL CENTER,FOUNTAIN VALLEY,92708,31080,"Los Angeles-Long Beach-Anaheim, CA",51445,"Los Angeles--Long Beach--Anaheim, CA",no
050684,NA,NA,NA,NA,NA,No Different than National Benchmark,medium,poor,medium,low,MENIFEE GLOBAL MEDICAL CENTER,SUN CITY,92585,40140,"Riverside-San Bernardino-Ontario, CA",87004,"Temecula--Murrieta--Menifee, CA",yes
050686,No Different than National Benchmark,No Different than National Benchmark,No Different than National Benchmark,NA,No Different than National Benchmark,Better than the National Benchmark,medium,medium,medium,NA,"KAISER FOUNDATION HOSPITAL, RIVERSIDE",RIVERSIDE,92505,40140,"Riverside-San Bernardino-Ontario, CA",75340,"Riverside--San Bernardino, CA",yes
050689,NA,NA,NA,NA,NA,No Different than National Benchmark,medium,medium,medium,low,SAN RAMON REGIONAL MEDICAL CENTER,SAN RAMON,94583,41860,"San Francisco-Oakland-Fremont, CA",19504,"Concord--Walnut Creek, CA",no
050690,No Different than National Benchmark,No Different than National Benchmark,No Different than National Benchmark,NA,No Different than National Benchmark,Better than the National Benchmark,medium,medium,medium,NA,KAISER FOUNDATION HOSPITAL-SANTA ROSA,SANTA ROSA,95403,42220,"Santa Rosa-Petaluma, CA",79498,"Santa Rosa, CA",no
050696,No Different than National Benchmark,No Different than National Benchmark,No Different than National Benchmark,NA,No Different than National Benchmark,No Different than National Benchmark,medium,medium,medium,NA,KECK HOSPITAL OF USC,LOS ANGELES,90033,31080,"Los Angeles-Long Beach-Anaheim, CA",51445,"Los Angeles--Long Beach--Anaheim, CA",no
050697,NA,NA,NA,NA,NA,NA,NA,NA,NA,NA,PATIENTS' HOSPITAL OF REDDING,REDDING,96001,39820,"Redding, CA",73774,"Redding, CA",no
050701,Better than the National Benchmark,No Different than National Benchmark,No Different than National Benchmark,No Different than National Benchmark,No Different than National Benchmark,No Different than National Benchmark,medium,medium,medium,very high,SOUTHWEST HEALTHCARE SYSTEM,MURRIETA,92562,40140,"Riverside-San Bernardino-Ontario, CA",87004,"Temecula--Murrieta--Menifee, CA",yes
050704,Worse than the National Benchmark,Worse than the National Benchmark,NA,NA,No Different than National Benchmark,No Different than National Benchmark,poor,poor,medium,low,MISSION COMMUNITY HOSPITAL,PANORAMA CITY,91402,31080,"Los Angeles-Long Beach-Anaheim, CA",51445,"Los Angeles--Long Beach--Anaheim, CA",no
050708,NA,NA,NA,NA,NA,NA,excellent,medium,excellent,NA,FRESNO SURGICAL HOSPITAL,FRESNO,93710,23420,"Fresno, CA",31843,"Fresno, CA",no
050709,No Different than National Benchmark,No Different than National Benchmark,NA,NA,No Different than National Benchmark,No Different than National Benchmark,medium,medium,medium,high,DESERT VALLEY HOSPITAL,VICTORVILLE,92395,40140,"Riverside-San Bernardino-Ontario, CA",90541,"Victorville--Hesperia--Apple Valley, CA",yes
050710,No Different than National Benchmark,No Different than National Benchmark,No Different than National Benchmark,NA,No Different than National Benchmark,Better than the National Benchmark,medium,medium,medium,NA,KAISER FOUNDATION HOSPITAL - FRESNO,FRESNO,93720,23420,"Fresno, CA",31843,"Fresno, CA",no
050714,NA,NA,NA,NA,NA,NA,medium,medium,medium,NA,SUTTER MATERNITY & SURGERY CENTER OF SANTA CRUZ,SANTA CRUZ,95065,42100,"Santa Cruz-Watsonville, CA",79336,"Santa Cruz, CA",no
050717,Worse than the National Benchmark,Worse than the National Benchmark,NA,NA,NA,No Different than National Benchmark,medium,medium,medium,NA,LAC/RANCHO LOS AMIGOS NATIONAL REHABILITATION  CTR,DOWNEY,90242,31080,"Los Angeles-Long Beach-Anaheim, CA",51445,"Los Angeles--Long Beach--Anaheim, CA",no
050723,No Different than National Benchmark,No Different than National Benchmark,Worse than the National Benchmark,NA,No Different than National Benchmark,No Different than National Benchmark,medium,medium,medium,NA,KAISER FOUNDATION HOSPITAL - BALDWIN PARK,BALDWIN PARK,91706,31080,"Los Angeles-Long Beach-Anaheim, CA",51445,"Los Angeles--Long Beach--Anaheim, CA",no
050724,NA,No Different than National Benchmark,NA,NA,NA,No Different than National Benchmark,medium,medium,medium,low,BAKERSFIELD HEART HOSPITAL,BAKERSFIELD,93308,12540,"Bakersfield-Delano, CA",04681,"Bakersfield, CA",no
050726,NA,NA,NA,NA,NA,NA,NA,NA,NA,NA,STANISLAUS SURGICAL HOSPITAL,MODESTO,95355,33700,"Modesto, CA",58006,"Modesto, CA",no
050735,No Different than National Benchmark,No Different than National Benchmark,NA,NA,NA,Better than the National Benchmark,medium,medium,medium,medium,WHITTIER HOSPITAL MEDICAL CENTER,WHITTIER,90605,31080,"Los Angeles-Long Beach-Anaheim, CA",51445,"Los Angeles--Long Beach--Anaheim, CA",no
050736,No Different than National Benchmark,No Different than National Benchmark,NA,NA,NA,No Different than National Benchmark,medium,poor,poor,NA,MONTEREY PARK HOSPITAL,MONTEREY PARK,91754,31080,"Los Angeles-Long Beach-Anaheim, CA",51445,"Los Angeles--Long Beach--Anaheim, CA",no
050737,Worse than the National Benchmark,No Different than National Benchmark,No Different than National Benchmark,NA,No Different than National Benchmark,No Different than National Benchmark,medium,medium,medium,low,GARFIELD MEDICAL CENTER,MONTEREY PARK,91754,31080,"Los Angeles-Long Beach-Anaheim, CA",51445,"Los Angeles--Long Beach--Anaheim, CA",no
050738,No Different than National Benchmark,No Different than National Benchmark,NA,NA,NA,Better than the National Benchmark,medium,poor,medium,low,GREATER EL MONTE COMMUNITY HOSPITAL,SOUTH EL MONTE,91733,31080,"Los Angeles-Long Beach-Anaheim, CA",51445,"Los Angeles--Long Beach--Anaheim, CA",no
050739,Better than the National Benchmark,No Different than National Benchmark,No Different than National Benchmark,NA,No Different than National Benchmark,Better than the National Benchmark,poor,poor,medium,high,CENTINELA HOSPITAL MEDICAL CENTER,INGLEWOOD,90301,31080,"Los Angeles-Long Beach-Anaheim, CA",51445,"Los Angeles--Long Beach--Anaheim, CA",no
050740,No Different than National Benchmark,No Different than National Benchmark,No Different than National Benchmark,NA,NA,No Different than National Benchmark,medium,medium,medium,medium,CEDAR-SINAI MARINA DEL REY HOSPITAL,MARINA DEL REY,90291,31080,"Los Angeles-Long Beach-Anaheim, CA",51445,"Los Angeles--Long Beach--Anaheim, CA",no
050742,NA,NA,NA,NA,NA,NA,NA,NA,NA,NA,OLYMPIA MEDICAL CENTER,LOS ANGELES,90036,31080,"Los Angeles-Long Beach-Anaheim, CA",51445,"Los Angeles--Long Beach--Anaheim, CA",no
050744,NA,NA,NA,NA,NA,No Different than National Benchmark,poor,poor,medium,NA,ANAHEIM GLOBAL MEDICAL CENTER,ANAHEIM,92805,31080,"Los Angeles-Long Beach-Anaheim, CA",51445,"Los Angeles--Long Beach--Anaheim, CA",no
050745,NA,No Different than National Benchmark,NA,NA,NA,No Different than National Benchmark,poor,medium,poor,low,CHAPMAN GLOBAL MEDICAL CENTER,ORANGE,92869,31080,"Los Angeles-Long Beach-Anaheim, CA",51445,"Los Angeles--Long Beach--Anaheim, CA",no
050746,No Different than National Benchmark,No Different than National Benchmark,No Different than National Benchmark,NA,No Different than National Benchmark,Better than the National Benchmark,medium,medium,medium,medium,ORANGE COUNTY GLOBAL MEDICAL CENTER,SANTA ANA,92705,31080,"Los Angeles-Long Beach-Anaheim, CA",51445,"Los Angeles--Long Beach--Anaheim, CA",no
050747,NA,No Different than National Benchmark,NA,NA,NA,No Different than National Benchmark,medium,poor,medium,low,COASTAL COMMUNITIES HOSPITAL,SANTA ANA,92704,31080,"Los Angeles-Long Beach-Anaheim, CA",51445,"Los Angeles--Long Beach--Anaheim, CA",no
050748,No Different than National Benchmark,No Different than National Benchmark,No Different than National Benchmark,NA,No Different than National Benchmark,Better than the National Benchmark,medium,medium,medium,NA,KAISER FOUNDATION HOSPITAL MANTECA,MANTECA,95337,44700,"Stockton-Lodi, CA",54145,"Manteca, CA",no
050755,No Different than National Benchmark,No Different than National Benchmark,NA,NA,NA,No Different than National Benchmark,poor,poor,poor,medium,SHERMAN OAKS HOSPITAL,SHERMAN OAKS,91403,31080,"Los Angeles-Long Beach-Anaheim, CA",51445,"Los Angeles--Long Beach--Anaheim, CA",no
050757,No Different than National Benchmark,No Different than National Benchmark,NA,NA,No Different than National Benchmark,No Different than National Benchmark,medium,poor,poor,medium,ALVARADO HOSPITAL MEDICAL CENTER,SAN DIEGO,92120,41740,"San Diego-Chula Vista-Carlsbad, CA",78661,"San Diego, CA",no
050758,NA,No Different than National Benchmark,NA,NA,NA,Better than the National Benchmark,medium,poor,medium,medium,MONTCLAIR HOSPITAL MEDICAL CENTER,MONTCLAIR,91763,40140,"Riverside-San Bernardino-Ontario, CA",51445,"Los Angeles--Long Beach--Anaheim, CA",yes
050760,No Different than National Benchmark,No Different than National Benchmark,Better than the National Benchmark,NA,No Different than National Benchmark,No Different than National Benchmark,medium,medium,medium,NA,KAISER FOUNDATION HOSPITAL - ANTIOCH,ANTIOCH,94531,41860,"San Francisco-Oakland-Fremont, CA",02683,"Antioch, CA",no
050761,No Different than National Benchmark,No Different than National Benchmark,No Different than National Benchmark,No Different than National Benchmark,No Different than National Benchmark,Better than the National Benchmark,medium,medium,medium,high,PROVIDENCE CEDARS SINAI TARZANA MEDICAL CENTER,TARZANA,91356,31080,"Los Angeles-Long Beach-Anaheim, CA",51445,"Los Angeles--Long Beach--Anaheim, CA",no
050763,NA,NA,NA,NA,NA,No Different than National Benchmark,NA,NA,NA,NA,L A DOWNTOWN MEDICAL CENTER,LOS ANGELES,90026,31080,"Los Angeles-Long Beach-Anaheim, CA",51445,"Los Angeles--Long Beach--Anaheim, CA",no
050764,Worse than the National Benchmark,No Different than National Benchmark,No Different than National Benchmark,NA,No Different than National Benchmark,Better than the National Benchmark,medium,poor,medium,medium,SHASTA REGIONAL MEDICAL CENTER,REDDING,96001,39820,"Redding, CA",73774,"Redding, CA",no
050765,No Different than National Benchmark,No Different than National Benchmark,NA,NA,No Different than National Benchmark,Better than the National Benchmark,medium,medium,medium,NA,KAISER FOUNDATION HOSPITAL-MORENO VALLEY,MORENO VALLEY,92555,40140,"Riverside-San Bernardino-Ontario, CA",75340,"Riverside--San Bernardino, CA",yes
050766,NA,NA,NA,NA,NA,NA,NA,NA,NA,NA,SUTTER SURGICAL HOSPITAL - NORTH VALLEY,YUBA CITY,95991,49700,"Yuba City, CA",97939,"Yuba City, CA",no
050767,No Different than National Benchmark,No Different than National Benchmark,No Different than National Benchmark,NA,No Different than National Benchmark,Better than the National Benchmark,medium,medium,medium,NA,KAISER FOUNDATION HOSPITAL - VACAVILLE,VACAVILLE,95688,46700,"Vallejo, CA",89866,"Vacaville, CA",no
050769,NA,NA,NA,NA,NA,NA,medium,medium,excellent,NA,HOAG ORTHOPEDIC INSTITUTE,IRVINE,92618,31080,"Los Angeles-Long Beach-Anaheim, CA",57709,"Mission Viejo--Lake Forest--Laguna Niguel, CA",no
050770,No Different than National Benchmark,Better than the National Benchmark,No Different than National Benchmark,NA,Worse than the National Benchmark,Better than the National Benchmark,medium,poor,medium,high,LOMA LINDA UNIVERSITY MEDICAL CENTER-MURRIETA,MURRIETA,92563,40140,"Riverside-San Bernardino-Ontario, CA",87004,"Temecula--Murrieta--Menifee, CA",yes
050771,NA,NA,NA,NA,NA,No Different than National Benchmark,poor,poor,poor,low,COAST PLAZA HOSPITAL,NORWALK,90650,31080,"Los Angeles-Long Beach-Anaheim, CA",51445,"Los Angeles--Long Beach--Anaheim, CA",no
050772,No Different than National Benchmark,Better than the National Benchmark,No Different than National Benchmark,NA,No Different than National Benchmark,Better than the National Benchmark,medium,medium,medium,NA,KAISER FOUNDATION HOSPITAL - ROSEVILLE,ROSEVILLE,95661,40900,"Sacramento-Roseville-Folsom, CA",77068,"Sacramento, CA",no
050775,No Different than National Benchmark,No Different than National Benchmark,No Different than National Benchmark,NA,No Different than National Benchmark,Better than the National Benchmark,medium,medium,medium,high,TEMECULA VALLEY HOSPITAL,TEMECULA,92592,40140,"Riverside-San Bernardino-Ontario, CA",87004,"Temecula--Murrieta--Menifee, CA",yes
050776,No Different than National Benchmark,No Different than National Benchmark,NA,NA,No Different than National Benchmark,No Different than National Benchmark,medium,poor,poor,low,COLLEGE MEDICAL CENTER,LONG BEACH,90806,31080,"Los Angeles-Long Beach-Anaheim, CA",51445,"Los Angeles--Long Beach--Anaheim, CA",no
050777,No Different than National Benchmark,No Different than National Benchmark,No Different than National Benchmark,NA,No Different than National Benchmark,Better than the National Benchmark,medium,medium,medium,NA,KAISER FOUNDATION HOSPITAL - SAN LEANDRO,SAN LEANDRO,94577,41860,"San Francisco-Oakland-Fremont, CA",78904,"San Francisco--Oakland, CA",no
050778,Better than the National Benchmark,No Different than National Benchmark,NA,NA,No Different than National Benchmark,Better than the National Benchmark,medium,medium,medium,low,LOMA LINDA UNIVERSITY CHILDREN'S HOSPITAL,LOMA LINDA,92354,40140,"Riverside-San Bernardino-Ontario, CA",75340,"Riverside--San Bernardino, CA",yes
050779,NA,NA,NA,NA,No Different than National Benchmark,Better than the National Benchmark,medium,medium,medium,very high,"MARTIN LUTHER KING, JR. COMMUNITY HOSPITAL",LOS ANGELES,90059,31080,"Los Angeles-Long Beach-Anaheim, CA",51445,"Los Angeles--Long Beach--Anaheim, CA",no
050780,NA,NA,NA,NA,NA,Better than the National Benchmark,medium,poor,medium,low,FOOTHILL REGIONAL MEDICAL CENTER,TUSTIN,92780,31080,"Los Angeles-Long Beach-Anaheim, CA",51445,"Los Angeles--Long Beach--Anaheim, CA",no
050782,NA,NA,NA,NA,NA,No Different than National Benchmark,medium,medium,medium,NA,CASA COLINA HOSPITAL,POMONA,91767,31080,"Los Angeles-Long Beach-Anaheim, CA",51445,"Los Angeles--Long Beach--Anaheim, CA",no
050783,NA,NA,NA,NA,NA,No Different than National Benchmark,NA,NA,NA,low,COLUSA MEDICAL CENTER,COLUSA,95932,99999,NA,19342,"Colusa, CA",no
050784,NA,NA,NA,NA,NA,No Different than National Benchmark,medium,medium,medium,medium,ADVENTIST HEALTH TULARE,TULARE,93274,47300,"Visalia, CA",88840,"Tulare, CA",no
050785,NA,NA,NA,NA,NA,NA,excellent,medium,excellent,NA,DOCS SURGICAL HOSPITAL,LOS ANGELES,90036,31080,"Los Angeles-Long Beach-Anaheim, CA",51445,"Los Angeles--Long Beach--Anaheim, CA",no
05114F,No Different than National Benchmark,No Different than National Benchmark,NA,NA,NA,NA,medium,medium,medium,NA,VA SAN DIEGO HEALTHCARE SYSTEM,SAN DIEGO,92161,41740,"San Diego-Chula Vista-Carlsbad, CA",78661,"San Diego, CA",no
05127F,No Different than National Benchmark,No Different than National Benchmark,NA,NA,NA,NA,medium,medium,medium,NA,LOMA LINDA VA MEDICAL CENTER,LOMA LINDA,92357,40140,"Riverside-San Bernardino-Ontario, CA",NA,NA,no
05128F,Worse than the National Benchmark,No Different than National Benchmark,NA,NA,NA,NA,medium,medium,medium,NA,VA GREATER LOS ANGELES HEALTHCARE SYSTEM,LOS ANGELES,90073,31080,"Los Angeles-Long Beach-Anaheim, CA",51445,"Los Angeles--Long Beach--Anaheim, CA",no
051300,NA,NA,NA,NA,NA,NA,NA,NA,NA,NA,EASTERN PLUMAS HOSPITAL - PORTOLA CAMPUS,PORTOLA,96122,99999,NA,NA,NA,no
051301,NA,No Different than National Benchmark,NA,NA,NA,No Different than National Benchmark,excellent,medium,excellent,low,ADVENTIST HEALTH TEHACHAPI VALLEY,TEHACHAPI,93561,12540,"Bakersfield-Delano, CA",86869,"Tehachapi--Golden Hills, CA",no
051302,NA,NA,NA,NA,NA,NA,NA,NA,NA,NA,SOUTHERN INYO HOSPITAL,LONE PINE,93545,99999,NA,NA,NA,no
051303,NA,NA,NA,NA,NA,NA,excellent,excellent,excellent,NA,MAMMOTH HOSPITAL,MAMMOTH LAKES,93546,99999,NA,53605,"Mammoth Lakes, CA",no
051304,NA,NA,NA,NA,NA,NA,NA,NA,NA,NA,JOHN C FREMONT HEALTHCARE DISTRICT,MARIPOSA,95338,99999,NA,NA,NA,no
051305,NA,NA,NA,NA,NA,NA,NA,NA,NA,NA,MAYERS MEMORIAL HOSPITAL,FALL RIVER MILLS,96028,39820,"Redding, CA",NA,NA,no
051306,NA,NA,NA,NA,NA,No Different than National Benchmark,NA,NA,NA,NA,GLENN MEDICAL CENTER,WILLOWS,95988,99999,NA,95725,"Willows, CA",no
051307,NA,NA,NA,NA,NA,NA,NA,NA,NA,NA,CATALINA ISLAND MEDICAL CENTER,AVALON,90704,31080,"Los Angeles-Long Beach-Anaheim, CA",04438,"Avalon, CA",no
051308,NA,NA,NA,NA,NA,NA,NA,NA,NA,NA,SURPRISE VALLEY COMMUNITY HOSPITAL,CEDARVILLE,96104,99999,NA,NA,NA,no
051309,NA,NA,NA,NA,NA,NA,NA,NA,NA,NA,JEROLD PHELPS COMMUNITY HOSPITAL,GARBERVILLE,95542,21700,"Eureka-Arcata, CA",NA,NA,no
05130F,No Different than National Benchmark,No Different than National Benchmark,NA,NA,NA,NA,medium,medium,medium,NA,SAN FRANCISCO VA MEDICAL CENTER,SAN FRANCISCO,94121,41860,"San Francisco-Oakland-Fremont, CA",78904,"San Francisco--Oakland, CA",no
051310,NA,No Different than National Benchmark,NA,NA,NA,No Different than National Benchmark,medium,medium,medium,low,ADVENTIST HEALTH HOWARD MEMORIAL,WILLITS,95490,46380,"Ukiah, CA",95671,"Willits, CA",no
051311,NA,NA,NA,NA,NA,NA,NA,NA,NA,low,ORCHARD HOSPITAL,GRIDLEY,95948,17020,"Chico, CA",35677,"Gridley, CA",no
051312,NA,NA,NA,NA,NA,NA,NA,NA,NA,NA,MOUNTAINS COMMUNITY HOSPITAL,LAKE ARROWHEAD,92352,40140,"Riverside-San Bernardino-Ontario, CA",20989,"Crestline--Lake Arrowhead, CA",no
051314,NA,No Different than National Benchmark,NA,NA,NA,NA,NA,NA,NA,NA,KERN VALLEY HEALTHCARE DISTRICT,LAKE ISABELLA,93240,12540,"Bakersfield-Delano, CA",46774,"Lake Isabella, CA",no
051315,NA,NA,NA,NA,NA,NA,NA,NA,NA,NA,TRINITY HOSPITAL,WEAVERVILLE,96093,99999,NA,NA,NA,no
051316,NA,No Different than National Benchmark,NA,NA,NA,No Different than National Benchmark,medium,medium,medium,low,FAIRCHILD MEDICAL CENTER,YREKA,96097,99999,NA,97912,"Yreka, CA",no
051317,NA,NA,NA,NA,NA,NA,medium,medium,excellent,medium,ADVENTIST HEALTH CLEARLAKE,CLEARLAKE,95422,17340,"Clearlake, CA",17479,"Clearlake, CA",no
051318,NA,No Different than National Benchmark,NA,NA,NA,No Different than National Benchmark,NA,NA,NA,low,PROVIDENCE REDWOOD MEMORIAL HOSPITAL,FORTUNA,95540,21700,"Eureka-Arcata, CA",30979,"Fortuna, CA",no
051319,NA,NA,NA,NA,NA,No Different than National Benchmark,excellent,medium,excellent,low,MERCY MEDICAL CENTER OF MT SHASTA,MOUNT SHASTA,96067,99999,NA,60223,"Mount Shasta, CA",no
051320,NA,NA,NA,NA,NA,NA,medium,medium,excellent,low,BANNER LASSEN MEDICAL CENTER,SUSANVILLE,96130,45000,"Susanville, CA",85870,"Susanville, CA",no
051321,NA,NA,NA,NA,NA,No Different than National Benchmark,NA,NA,NA,NA,HEALDSBURG HOSPITAL,HEALDSBURG,95448,42220,"Santa Rosa-Petaluma, CA",79498,"Santa Rosa, CA",no
051323,NA,NA,NA,NA,NA,NA,NA,NA,NA,NA,COLORADO RIVER MEDICAL CENTER,NEEDLES,92363,40140,"Riverside-San Bernardino-Ontario, CA",61435,"Needles, CA--AZ",no
051324,NA,NA,NA,NA,NA,NA,medium,medium,excellent,low,NORTHERN INYO HOSPITAL,BISHOP,93514,99999,NA,07840,"Bishop, CA",no
051325,NA,NA,NA,NA,NA,NA,medium,medium,medium,low,MENDOCINO COAST DISTRICT HOSPITAL,FORT BRAGG,95437,46380,"Ukiah, CA",30574,"Fort Bragg, CA",no
051326,NA,NA,NA,NA,NA,NA,NA,NA,NA,low,PLUMAS DISTRICT HOSPITAL,QUINCY,95971,99999,NA,NA,NA,no
051327,NA,NA,NA,NA,NA,NA,NA,NA,NA,NA,SENECA DISTRICT HOSPITAL,CHESTER,96020,99999,NA,NA,NA,no
051328,NA,NA,NA,NA,NA,No Different than National Benchmark,excellent,medium,excellent,low,TAHOE FOREST HOSPITAL,TRUCKEE,96161,46020,"Truckee-Grass Valley, CA",88624,"Truckee, CA",no
051329,NA,NA,NA,NA,NA,No Different than National Benchmark,medium,medium,excellent,low,SUTTER LAKESIDE HOSPITAL,LAKEPORT,95453,17340,"Clearlake, CA",47071,"Lakeport, CA",no
051330,NA,NA,NA,NA,NA,NA,NA,NA,NA,NA,MODOC MEDICAL CENTER,ALTURAS,96101,99999,NA,NA,NA,no
051331,NA,NA,NA,NA,NA,NA,NA,NA,NA,low,SANTA YNEZ VALLEY COTTAGE HOSPITAL,SOLVANG,93463,42200,"Santa Maria-Santa Barbara, CA",82873,"Solvang--Santa Ynez, CA",no
051332,NA,NA,NA,NA,NA,NA,excellent,medium,excellent,low,MARK TWAIN MEDICAL CENTER,SAN ANDREAS,95249,99999,NA,NA,NA,no
051333,NA,NA,NA,NA,NA,NA,NA,NA,NA,low,RIDGECREST REGIONAL HOSPITAL,RIDGECREST,93555,12540,"Bakersfield-Delano, CA",74827,"Ridgecrest, CA",no
051334,NA,NA,NA,NA,NA,NA,NA,NA,NA,NA,OJAI VALLEY COMMUNITY HOSPITAL,OJAI,93023,37100,"Oxnard-Thousand Oaks-Ventura, CA",66673,"Oxnard--San Buenaventura (Ventura), CA",no
051335,NA,NA,NA,NA,NA,NA,NA,NA,NA,NA,BEAR VALLEY COMMUNITY HOSPITAL,BIG BEAR LAKE,92315,40140,"Riverside-San Bernardino-Ontario, CA",07508,"Big Bear, CA",no
051336,NA,NA,NA,NA,NA,NA,NA,NA,NA,low,SOUTHERN MONTEREY COUNTY MEMORIAL HOSPITAL,KING CITY,93930,41500,"Salinas, CA",45073,"King City, CA",no
051337,NA,NA,NA,NA,NA,NA,NA,NA,NA,medium,HAZEL HAWKINS MEMORIAL HOSPITAL,HOLLISTER,95023,41940,"San Jose-Sunnyvale-Santa Clara, CA",39511,"Hollister, CA",no
053300,NA,NA,NA,NA,NA,NA,NA,NA,NA,NA,VALLEY CHILDREN'S HOSPITAL,MADERA,93636,31460,NA,31843,"Fresno, CA",no
053301,NA,NA,NA,NA,NA,NA,NA,NA,NA,NA,UCSF BENIOFF CHILDREN'S HOSPITAL OAKLAND,OAKLAND,94609,41860,"San Francisco-Oakland-Fremont, CA",78904,"San Francisco--Oakland, CA",no
053302,NA,NA,NA,NA,NA,NA,NA,NA,NA,NA,CHILDREN'S HOSP OF LOS ANGELES,LOS ANGELES,90027,31080,"Los Angeles-Long Beach-Anaheim, CA",51445,"Los Angeles--Long Beach--Anaheim, CA",no
053303,NA,NA,NA,NA,NA,NA,NA,NA,NA,NA,RADY CHILDREN'S HOSPITAL - SAN DIEGO,SAN DIEGO,92123,41740,"San Diego-Chula Vista-Carlsbad, CA",78661,"San Diego, CA",no
053304,NA,NA,NA,NA,NA,NA,NA,NA,NA,NA,CHILDREN'S HOSPITAL OF ORANGE COUNTY,ORANGE,92868,31080,"Los Angeles-Long Beach-Anaheim, CA",51445,"Los Angeles--Long Beach--Anaheim, CA",no
053305,NA,NA,NA,NA,NA,NA,NA,NA,NA,NA,LUCILE SALTER PACKARD CHILDREN'S HSP AT STANFORD,PALO ALTO,94304,41940,"San Jose-Sunnyvale-Santa Clara, CA",79039,"San Jose, CA",no
053306,NA,NA,NA,NA,NA,NA,NA,NA,NA,NA,CHILDREN'S HOSPITAL AT MISSION,MISSION VIEJO,92691,31080,"Los Angeles-Long Beach-Anaheim, CA",57709,"Mission Viejo--Lake Forest--Laguna Niguel, CA",no
053308,NA,NA,NA,NA,NA,NA,NA,NA,NA,NA,HEALTHBRIDGE CHILDREN'S HOSPITAL - ORANGE,ORANGE,92866,31080,"Los Angeles-Long Beach-Anaheim, CA",51445,"Los Angeles--Long Beach--Anaheim, CA",no
053309,NA,NA,NA,NA,NA,NA,NA,NA,NA,NA,MEMORIAL CARE MILLER CHILDREN'S &  WOMEN'S HOSP LB,LONG BEACH,90806,31080,"Los Angeles-Long Beach-Anaheim, CA",51445,"Los Angeles--Long Beach--Anaheim, CA",no
053311,NA,NA,NA,NA,NA,NA,NA,NA,NA,NA,SHRINERS HOSPITALS FOR CHILDREN NORTHERN CALIF,SACRAMENTO,95817,40900,"Sacramento-Roseville-Folsom, CA",77068,"Sacramento, CA",no
